gene_id,baseMean,log2FoldChange,lfcSE,stat,pvalue,padj,significant,direction
Gene0035,103.87972381323515,1.7368430142550422,0.24510464311656538,7.402580062751633,1.3356361467506067e-13,1.32094414913635e-10,True,Up in treated
Gene0043,2367.9068920268205,1.6415306986021876,0.24897332980677056,7.025521492446563,2.1326817863302826e-12,1.0546111433403247e-09,True,Up in treated
Gene0008,198.88928359971234,1.9329503119883522,0.2983584914162328,6.963987452103107,3.307740830219401e-12,1.0904518936956625e-09,True,Up in treated
Gene0014,104.20548214688547,1.734264788979629,0.2781624743998488,6.686420000568622,2.2869607119783818e-11,4.789857490169554e-09,True,Up in treated
Gene0054,93.95710700112691,1.6211412419413347,0.256896751573075,6.678041426098416,2.421565970763172e-11,4.789857490169554e-09,True,Up in treated
Gene0012,43.7387801409843,1.8992351835703831,0.31199549867449855,6.490866620053269,8.534401220869695e-11,1.4067538012400214e-08,True,Up in treated
Gene0042,191.32364013970928,1.5611219238750684,0.2602632167677101,6.452834614611591,1.0977714197818794e-10,1.550994191663255e-08,True,Up in treated
Gene0003,132.37272940940264,1.498659932207867,0.25635263195487057,6.27117507793782,3.583334172105683e-10,4.42989687026565e-08,True,Up in treated
Gene0098,160.19986319100948,-1.6206993048944458,0.2817460132795616,-6.230727681220323,4.6427353667192167e-10,4.591665277685305e-08,True,Down in treated
Gene0100,37.282193336102715,-1.8997114798034223,0.32631558311888,-6.24327345117141,4.285067917863889e-10,4.591665277685305e-08,True,Down in treated
Gene0004,210.27819136639638,1.4942829717017319,0.26456176328509823,6.094825591168732,1.095568313192156e-09,9.850155106791293e-08,True,Up in treated
Gene0040,102.61512911222128,1.5844530419042726,0.2867372339243042,5.946113109955728,2.74584443433199e-09,2.2630334546286154e-07,True,Up in treated
Gene0006,152.37819785074302,1.6835051838782957,0.30950381308943314,5.901374140995735,3.604863703807595e-09,2.742469386973624e-07,True,Up in treated
Gene0049,233.56374744889771,1.5726282360650787,0.2947705291868304,5.838560706547281,5.265369773758242e-09,3.719607647319215e-07,True,Up in treated
Gene0062,153.99995060630238,-1.3925279621368445,0.2752870296857259,-5.592836817355541,2.2338922758744917e-08,1.472879640559915e-06,True,Down in treated
Gene0038,113.54095742466818,1.3509991954162377,0.2666518944512459,5.498901407805952,3.821647270642165e-08,2.362255719165688e-06,True,Up in treated
Gene0085,166.00787583624984,-1.2993384388672924,0.27412657840631793,-5.312681768839663,1.0802358719191233e-07,6.284431043105959e-06,True,Down in treated
Gene0021,48.45524157209213,1.3448528681965186,0.2833818558911831,5.234425484146626,1.654988201565021e-07,9.093240729710032e-06,True,Up in treated
Gene0086,36.8156256178688,-1.526513183544246,0.329520081281702,-5.140979790919097,2.7330945290693144e-07,1.329123865212688e-05,True,Down in treated
Gene0017,111.1340996429555,1.4539325870688142,0.31220941236416777,5.146392685989593,2.6554325816725983e-07,1.329123865212688e-05,True,Up in treated
Gene0057,39.52943553136701,1.6181028265685928,0.35503996623168205,5.134949072267079,2.822204364961218e-07,1.329123865212688e-05,True,Up in treated
Gene0026,122.0000456046932,1.338380145988506,0.29035610728046485,5.122696663759421,3.0119668288894213e-07,1.3540159971689262e-05,True,Up in treated
Gene0034,197.6111257651091,1.5813677032403424,0.350269528895179,5.099934602418515,3.39770856114129e-07,1.403613323375483e-05,True,Up in treated
Gene0059,116.83340539439864,1.2798999834863787,0.2810897078033588,5.0994654956215,3.4061395107190687e-07,1.403613323375483e-05,True,Up in treated
Gene0058,197.96026589490134,1.5081777267237635,0.3291899625841888,5.077928791009962,3.815716431641255e-07,1.4898199013077172e-05,True,Up in treated
Gene0015,223.30673582400001,1.5335779720728626,0.33692479589316365,5.072966509900815,3.9166145029323203e-07,1.4898199013077172e-05,True,Up in treated
Gene0070,200.84153727579044,-1.24351856210288,0.27552374378891303,-5.035815916791095,4.758176666835814e-07,1.7429024901854147e-05,True,Down in treated
Gene0097,98.0580672289949,-1.3629521761895205,0.311775713113326,-4.962128407154108,6.972487315439518e-07,2.4627821267748865e-05,True,Down in treated
Gene0039,29.334173303036874,1.6026054816742417,0.35877925100718033,4.947660318247979,7.511083492956169e-07,2.5615384739771215e-05,True,Up in treated
Gene0073,66.40593150704869,-1.23197138396909,0.28160683743962434,-4.8991120540564115,9.6270731956129e-07,3.1737251301537195e-05,True,Down in treated
Gene0093,71.86172158919491,-1.157148908889365,0.2738738130072585,-4.749431618399617,2.039891568481583e-06,6.50791213299447e-05,True,Down in treated
Gene0005,71.61698087789382,1.6195732593484577,0.39253919530535814,4.6873227234911505,2.7680229202092397e-06,8.554920837771682e-05,True,Up in treated
Gene0090,131.59140240984297,-1.4261978843053642,0.3571416278231304,-4.627034516113923,3.7093871345659054e-06,0.00011116920836623273,True,Down in treated
Gene0074,67.11646083142732,-1.2523233736726642,0.308716337776581,-4.6049833150087975,4.124989322222667e-06,0.0001199886599905358,True,Down in treated
Gene0075,473.1206647033593,-1.1898796471973188,0.2941780444297235,-4.593293627632638,4.363044773438314e-06,0.00012328717945515693,True,Down in treated
Gene0078,52.65391801675367,-1.2566670803232294,0.3231769052285523,-4.5323402240647495,5.83337957921223e-06,0.00016025590010669154,True,Down in treated
Gene0010,232.11380281746085,1.4279972041823676,0.3626559618220323,4.500213282237131,6.788531424245541e-06,0.00018145561023186056,True,Up in treated
Gene0002,265.12914922708325,1.3723224879691884,0.35903456797124855,4.394725405593954,1.1091286477025088e-05,0.00028866532436257403,True,Up in treated
Gene0053,68.60634489824785,1.3110218290821598,0.35003114891687015,4.345539228757686,1.3893393856563038e-05,0.0003523222185677139,True,Up in treated
Gene0079,16.771309474501756,-1.4627617456117938,0.39318507602512215,-4.327478421767849,1.5082611613701373e-05,0.0003638220216085526,True,Down in treated
Gene0051,264.49766759005576,1.1030721097113234,0.29183323802784417,4.332173872791743,1.4764426781082235e-05,0.0003638220216085526,True,Up in treated
Gene0099,62.18398084545302,-1.048379057504574,0.28329567448282583,-4.311327138775506,1.6227761047594108e-05,0.00038212513514453747,True,Down in treated
Gene0092,45.648985584263976,-1.2180370457222809,0.33681242819224766,-4.263412274627162,2.0132856251489247e-05,0.0004630556937842527,True,Down in treated
Gene0036,124.39936792395697,1.2559428874005747,0.3481698885983972,4.251083403898458,2.1273892135651908e-05,0.0004781790755036304,True,Up in treated
Gene0095,30.152144498927683,-1.33747466461884,0.37024443048860706,-4.22984266834408,2.338548077797401e-05,0.0005139608997648065,True,Down in treated
Gene0080,58.53305722379549,-1.0758751126955777,0.29934294182442633,-4.186169634674399,2.8370135606842566e-05,0.0006099579155471152,True,Down in treated
Gene0052,83.42774208993052,1.162590492393463,0.3313354223487886,4.153471575705226,3.27468906446402e-05,0.0006890781882457267,True,Up in treated
Gene0067,63.96213714182022,-1.2145370359993521,0.3545086234734582,-4.130488820314084,3.6199269965333566e-05,0.0007458557915773937,True,Down in treated
Gene0025,367.2659394889209,1.2289195441712744,0.3718000263355954,4.069032240382562,4.7208815166508e-05,0.0009528473101974778,True,Up in treated
Gene0060,88.67921906033327,1.029073092212178,0.2990067708054303,4.045657436756116,5.217648559495684e-05,0.0010203867319927564,True,Up in treated
Gene0047,115.40153811648945,1.0456620299709776,0.30309268316467286,4.043680879754902,5.261852713006125e-05,0.0010203867319927564,True,Up in treated
Gene0023,660.0913628646789,1.113351469813741,0.32872224738614475,4.024983778959784,5.6979242942383785e-05,0.0010837013705772608,True,Up in treated
Gene0066,151.64147487911188,-0.9602781501659037,0.29602160870744676,-3.965188948468697,7.333783050101822e-05,0.0013685115918020195,False,Not significant
Gene0065,40.145119642529245,-1.0331103465167597,0.31620158882494676,-3.897331709996789,9.725836285624705e-05,0.0017812689049042283,True,Down in treated
Gene0022,421.52590151979075,1.0955424830655078,0.3481300910487739,3.860696754897713,0.00011306415399006292,0.002033099059930404,True,Up in treated
Gene0064,14.390669402892984,-1.3932626448486207,0.4401914370519748,-3.8562836703003907,0.0001151238856985913,0.0020331700527840496,True,Down in treated
Gene0007,197.76164756492747,0.900206759304239,0.28426658118729936,3.7854168513780806,0.0001534511370279785,0.0026625118336959775,False,Not significant
Gene0030,341.1776699261314,0.8129844613196,0.2543871460071827,3.7740916112798972,0.00016059174396684757,0.0027383661169519354,False,Not significant
Gene0056,199.27140976825714,0.9283544821913873,0.30107047781288515,3.7308524921601527,0.0001908329374118705,0.003198877544073558,False,Not significant
Gene0041,67.06283053373876,0.9668556981917279,0.3159544857760822,3.696274667797879,0.00021878626739238187,0.003606326974184428,False,Not significant
Gene0077,132.6154621163499,-1.1032673049322828,0.3965665322232507,-3.6750278189443595,0.00023782349976759684,0.0038558596929533324,True,Down in treated
Gene0076,37.13780197675377,-1.005560781017865,0.3392498395657904,-3.668775395887599,0.00024371507043881337,0.0038876484623223614,True,Down in treated
Gene0020,42.537194681894434,1.0857444831194751,0.3740103346245813,3.6547614684471346,0.0002574211992093871,0.0040411042225092664,True,Up in treated
Gene0087,48.37259154951431,-1.0098647504929792,0.3681862706787609,-3.484579323546398,0.000492911333101293,0.0074998355144181355,True,Down in treated
Gene0088,38.09215783938598,-0.8892087069002431,0.31914229520429377,-3.488154037755546,0.00048636778997597746,0.0074998355144181355,False,Not significant
Gene0045,259.58830568666485,0.8980764381109176,0.32453408374871345,3.471661460766626,0.0005172481771427967,0.0077508855635488785,False,Not significant
Gene0055,36.53412248297546,0.919523896766826,0.33162138396195745,3.4469401675235267,0.0005669741330214524,0.008369215187436066,False,Not significant
Gene0091,213.33282542983295,-0.802408765083415,0.2872451703888161,-3.4383724885725604,0.0005852220818761753,0.008511538808463785,False,Not significant
Gene0050,201.90218503940136,0.8459806095189131,0.30992518185902784,3.3936644584586966,0.0006896413551752691,0.009884859424178858,False,Not significant
Gene0046,1854.9499635104603,0.9181774005028088,0.34269120082902427,3.3788588009717593,0.0007278738185422669,0.010283817236261457,False,Not significant
Gene0001,15.92860931265466,1.0574589050296093,0.39986831134937306,3.3718342270955386,0.0007466937747017933,0.010401128777184134,True,Up in treated
Gene0089,184.07239873731598,-0.6739123044053389,0.25021968463496363,-3.2966853413486135,0.000978330403238745,0.01343845512226554,False,Not significant
Gene0063,20.21873071338794,-0.890798845741137,0.36025549664855544,-3.232432627460507,0.001227410750560256,0.016628893593206757,False,Not significant
Gene0048,71.47955907608859,0.9041626086363888,0.3708111234522652,3.213984201193138,0.0013090687588737419,0.01749552706116393,False,Not significant
Gene0094,85.27414172116546,-0.712300832348671,0.3058090602938081,-3.096315639483144,0.001959416645648038,0.025838174167278793,False,Not significant
Gene0430,44.29136195068008,0.7023685295572566,0.3097129299492236,2.9828781604620653,0.0028555164404173196,0.03715928631016749,False,Not significant
Gene0725,36.84958638182967,0.7095805482449183,0.33480589437611136,2.94799453066167,0.0031984272342371373,0.040554417111032415,False,Not significant
Gene0240,78.44064430181513,-0.672067999376494,0.3080385391933351,-2.9497778146185927,0.003180025283070906,0.040554417111032415,False,Not significant
Gene0033,15.720902600723543,0.8135671931435302,0.38400104791609874,2.9382753607784573,0.0033004374171475186,0.041318134247580955,False,Not significant
Gene0029,35.7473415727333,0.7355375140267393,0.3395382690794929,2.932066484263125,0.0033671465554957277,0.041626349292315935,False,Not significant
Gene0024,43.19032089363602,0.7850770067536583,0.3986991616534451,2.895263560232758,0.003788403050530993,0.04625593354290311,False,Not significant
Gene0084,124.3474774239449,-0.6769924899078879,0.3379132154143567,-2.8778788077850166,0.0040035891394759136,0.04778825450654474,False,Not significant
Gene0096,16.180727263945,-0.756462219030689,0.3691068514609718,-2.877331442088166,0.004010541075877869,0.04778825450654474,False,Not significant
Gene0072,27.912245129200855,-0.7293919669957224,0.3619983646025471,-2.8554599517458454,0.004297454233346318,0.05059740758070844,False,Not significant
Gene0071,110.14529667110925,-0.6392914103621824,0.31793281079855046,-2.8083850164013078,0.004979065948607516,0.0579328967432098,False,Not significant
Gene0848,44.446054113698295,0.5848034748031089,0.29468389710914555,2.7079311654833793,0.006770406310915785,0.07785967257553153,False,Not significant
Gene0032,189.06469699058903,0.6554974706631469,0.3652724582095073,2.69589146079061,0.007020053709998414,0.0798026795309015,False,Not significant
Gene0031,561.5225470180707,0.6209460218701666,0.38707559939627173,2.6693187493399275,0.007600528252918917,0.08541957320610011,False,Not significant
Gene0019,63.77933243586227,0.6078919997909169,0.3306227915432036,2.6417248923771433,0.00824850253873086,0.0916603259640991,False,Not significant
Gene0827,93.39374547953734,-0.5686974841939875,0.3120886148988233,-2.627280254918089,0.008607041345229724,0.0945818210048022,False,Not significant
Gene0440,249.90685423117202,-0.4718451217195418,0.24260632119744532,-2.587860055681389,0.009657420697709147,0.10495812164872909,False,Not significant
Gene0082,137.11233816926006,-0.47488066325501727,0.24378075639322289,-2.569796996668918,0.010175812519722167,0.1093899845870133,False,Not significant
Gene0908,141.50422104766872,0.5399234100062419,0.29974915776182565,2.5505447642753727,0.010755471090187709,0.1143780742816736,False,Not significant
Gene0368,42.59861822438782,0.5443028722138444,0.31078304317358674,2.521493287812728,0.011685790490343472,0.12194267943206158,False,Not significant
Gene0134,102.48065820182343,0.5399571901014213,0.31104996368997184,2.5206628607853556,0.011713401967690445,0.12194267943206158,False,Not significant
Gene0751,125.5949834815644,-0.5874273393006941,0.4016481260616856,-2.5022554700338824,0.012340484109405298,0.12498957786784269,False,Not significant
Gene0199,41.95093786105378,-0.5608835548352559,0.34441613981833785,-2.500974316214217,0.01238521600712698,0.12498957786784269,False,Not significant
Gene0061,10.301452825219014,-0.6518406402850198,0.4394448553439755,-2.5018101452557464,0.012356016513990535,0.12498957786784269,False,Not significant
Gene0228,402.8538042341047,0.561153739644602,0.35569725381993483,2.492998127065219,0.012666951441539592,0.1253672705882919,False,Not significant
Gene0778,49.60216479434422,0.5252398849958588,0.3041412498604683,2.4892045948107806,0.012802926521150133,0.1253672705882919,False,Not significant
Gene0349,411.58281087570026,-0.5610758467712555,0.36885830029046734,-2.4915025083716276,0.012720406889152219,0.1253672705882919,False,Not significant
Gene0222,113.52151436216582,-0.4839922132134057,0.2740841178265453,-2.4695941825147862,0.013526640606302747,0.13115536823170015,False,Not significant
Gene0471,702.801697717938,-0.44501490211764105,0.2403100829277697,-2.4613596282474832,0.013841154837376081,0.13290196246762082,False,Not significant
Gene0081,88.68702691026033,-0.5583397673742505,0.3736611656930022,-2.422481228227222,0.015414922154671528,0.1465899808747129,False,Not significant
Gene0152,152.1072017297703,-0.439602925881249,0.24425212781324165,-2.418369933743895,0.015590218034809969,0.1468450060612101,False,Not significant
Gene0279,52.19768441144385,0.5446601586831827,0.35673192511529994,2.405541456218127,0.0161485196409348,0.15066873514041998,False,Not significant
Gene0656,49.271194983167554,0.4480199597538871,0.2568936271807738,2.390033192555558,0.01684685016031674,0.15571527858460987,False,Not significant
Gene0009,558.5679047394656,0.46222767143423593,0.27924616330217283,2.382821949562574,0.01718050170140558,0.15732885354342702,False,Not significant
Gene0579,13.720062361418371,0.5617844491227262,0.39662599895323497,2.377279498288775,0.01744086710522862,0.1582478675878083,False,Not significant
Gene0746,33.222153316288065,-0.4724097892108472,0.30003149047181565,-2.3356491640795007,0.019509533997583574,0.17540844657827412,False,Not significant
Gene0757,75.63983228718762,-0.46758281684389613,0.3129007359861143,-2.302054491309963,0.021332099389657386,0.1900670837510915,False,Not significant
Gene0139,231.4692059178933,-0.38083660843105993,0.21867019649154704,-2.2827948198447565,0.022442457249536946,0.19817491267671464,False,Not significant
Gene0871,197.66737555425223,-0.402762369835681,0.24409808725782609,-2.2645360206681104,0.023541166908228134,0.2042299480020844,False,Not significant
Gene0166,26.8915262861594,-0.4867708626962755,0.36987528559280813,-2.265602941522772,0.02347570482852604,0.2042299480020844,False,Not significant
Gene0013,54.43090678824743,0.43854287103953776,0.284863414364294,2.2589404387529486,0.023887090088526373,0.20454927062175038,False,Not significant
Gene0193,186.85407897990126,-0.41968566312908506,0.2744558404485942,-2.2572633623767935,0.023991623247849387,0.20454927062175038,False,Not significant
Gene0266,177.76567314220713,-0.40592032371616027,0.25326186704375087,-2.2440819586555105,0.02482712853270604,0.20986350528928438,False,Not significant
Gene0028,78.92225079525173,0.4326723461443351,0.3221961404258714,2.1603855718701386,0.03074283344477832,0.2576666294651335,False,Not significant
Gene0255,22.712627492195505,-0.4198941359993368,0.30586096868613344,-2.1375987344765237,0.03254932454961311,0.27051497461821317,False,Not significant
Gene0448,45.59326043011087,0.4295177613216234,0.368676296911968,2.1222153894846327,0.03381965479380005,0.2764267652154401,False,Not significant
Gene0044,36.44386632429954,0.4324663586405168,0.36479871253575763,2.1250849470995834,0.0335795253832395,0.2764267652154401,False,Not significant
Gene0652,282.14763915151815,-0.395162772716951,0.30057816387207487,-2.1151947045440633,0.03441335609722331,0.278973845738966,False,Not significant
Gene0532,56.699538668322255,-0.3830267745549612,0.26374430121280285,-2.10575904448585,0.03522528806710447,0.27994698559596065,False,Not significant
Gene0603,46.17041699556563,0.4284707925612182,0.3452074081017613,2.1039526040389336,0.03538258159706277,0.27994698559596065,False,Not significant
Gene0529,164.20261021642463,0.391008069537496,0.27964115040273924,2.1087769345047667,0.034963840446406824,0.27994698559596065,False,Not significant
Gene0741,24.691318241043444,0.4276905513211089,0.38480862634907925,2.095035595260773,0.036167828371758214,0.2838887480926101,False,Not significant
Gene0304,316.2100068520428,-0.3861709063069405,0.3045739532509039,-2.0715492482841387,0.03830749712107901,0.29821675382173224,False,Not significant
Gene0422,83.94095304872846,-0.3781565235581874,0.27153419438780035,-2.0684651561747707,0.03859630383132632,0.29821675382173224,False,Not significant
Gene0885,199.75894159337835,0.3617333566547742,0.2523313228521023,2.0500826125732616,0.04035636982560556,0.30701884428864534,False,Not significant
Gene0027,59.62699011884163,0.3789440050314081,0.2875289593859032,2.0519668642766886,0.040172882805536186,0.30701884428864534,False,Not significant
Gene0653,96.56009113533126,0.3564574259217271,0.24792547088750488,2.042272629407334,0.041124495536422945,0.30962692382712353,False,Not significant
Gene0720,86.74654262563858,0.3838589176424883,0.29118573309036894,2.0402509988332773,0.04132533260382235,0.30962692382712353,False,Not significant
Gene0815,538.5464736222032,-0.37016329673605086,0.29992802724650747,-2.015685398839081,0.04383288338401065,0.3259452756901243,False,Not significant
Gene0747,15.373722248551935,-0.3967595758168544,0.3701139351783127,-2.009132904240802,0.044523040942753396,0.3286066230774859,False,Not significant
Gene0648,43.85175444041756,0.3863783722707892,0.3343389649254925,2.0032504844279733,0.0451504093505268,0.3307685544271926,False,Not significant
Gene0276,11.281903747281218,-0.3900573943722509,0.37655809516796873,-1.9708864831242585,0.048736861552111446,0.3544173240811634,False,Not significant
Gene0372,93.16570830739903,-0.33826541148844474,0.24669342751612763,-1.966863458351394,0.04919895428509299,0.35516617363472236,False,Not significant
Gene0287,346.7430427038567,0.33901858672170665,0.2517075173952913,1.959621533853767,0.0500400425443418,0.35862030490111624,False,Not significant
Gene0237,40.11050439476974,0.3705683185887569,0.32885754947175877,1.9555952515180257,0.05051285271749737,0.3594043981122655,False,Not significant
Gene0016,39.94180314080956,0.3796190676439175,0.3613294844205688,1.9504250230283877,0.05112548178675229,0.36116501062212863,False,Not significant
Gene0437,81.64209193194944,0.34047991683577317,0.2633039215043264,1.9459665504604053,0.051658757760077216,0.36234405265756287,False,Not significant
Gene0499,70.47637193170125,0.3269227258242948,0.23866686777979193,1.9368500925530971,0.05276367058699766,0.36671068781680244,False,Not significant
Gene0348,145.9692634154468,-0.33468914818262596,0.2522009699690342,-1.9317232831528257,0.053393669409119875,0.36671068781680244,False,Not significant
Gene0388,238.3459420547313,-0.34316937390352276,0.307877732754311,-1.9330158260665578,0.053234248234376697,0.36671068781680244,False,Not significant
Gene0408,355.147396442451,0.35334209961654733,0.3329870596350272,1.9042888800348203,0.05687257165684516,0.3879101611628956,False,Not significant
Gene0561,62.43940500825493,-0.34680295905137115,0.3099273197150609,-1.8950446473343958,0.058086486925236436,0.39347627102095095,False,Not significant
Gene0387,102.4126418198623,0.3317403532892589,0.26821011337952466,1.8892887396594438,0.05885314954861004,0.39595758437806344,False,Not significant
Gene0582,27.63042791805113,0.34669125045061117,0.30844074851282205,1.8780896175232937,0.06036890641793692,0.401527571555499,False,Not significant
Gene0571,114.7469816907115,0.3316223579825885,0.2913734389077,1.87439935836437,0.060875401875559905,0.401527571555499,False,Not significant
Gene0204,25.390555379703954,-0.3457772141740895,0.3267603544332158,-1.8742278651764952,0.06089902500841744,0.401527571555499,False,Not significant
Gene0683,93.69197669935689,-0.3335356293862698,0.31752700377896476,-1.854718152410391,0.06363648519234626,0.4167979063260295,False,Not significant
Gene0832,17.620586636294153,-0.33236968279509843,0.3739248549963469,-1.851288720231364,0.06412802796149837,0.41725407667053876,False,Not significant
Gene0696,99.51525838124434,-0.3225025100977246,0.26970366326305933,-1.848313084333704,0.06455706398833143,0.4173002371533319,False,Not significant
Gene0011,117.81419153809497,0.3176563171473036,0.27252414672441433,1.842507040040547,0.06540101770138976,0.42001043186152254,False,Not significant
Gene0575,465.49765961317917,0.299367257676363,0.23000760091641365,1.8285425528117059,0.06746816540964656,0.4304904231621965,False,Not significant
Gene0113,109.8937667857327,-0.32777900139799265,0.3153596957003564,-1.8130115123334827,0.06983004573050579,0.43435166809729703,False,Not significant
Gene0068,22.085070636772098,-0.3309188125204479,0.30296503854972373,-1.820500161369395,0.06868287170390833,0.43435166809729703,False,Not significant
Gene0564,217.1565690598745,0.32498430187787636,0.33355063282808,1.817802709834078,0.06909429232704022,0.43435166809729703,False,Not significant
Gene0907,23.920965796277542,0.3329252046395239,0.3193367754441659,1.8140194446490283,0.06967473220051822,0.43435166809729703,False,Not significant
Gene0816,105.16820873215732,0.32877156831449333,0.33297898967894995,1.803101924379189,0.07137220900103637,0.44116946688765607,False,Not significant
Gene0446,286.55517054833575,0.319833987069521,0.3103541973433801,1.7980861730715971,0.0721633530291345,0.44328916860754053,False,Not significant
Gene0194,120.36466891002713,0.30527712742680396,0.41664100862615705,1.7936067769078923,0.07287595410159631,0.4449032012745602,False,Not significant
Gene0923,81.73920757995377,0.3132439512184271,0.28057874929707305,1.7903264180185419,0.07340145169381447,0.4453621823630829,False,Not significant
Gene0624,92.70855356421613,-0.3170179846124313,0.3142171681345042,-1.777421765374526,0.07549887232276042,0.446703651219142,False,Not significant
Gene0892,39.479536698704145,-0.314055957231562,0.32632032213650497,-1.7734973046991733,0.07614633811486705,0.446703651219142,False,Not significant
Gene0583,7.642080030336326,-0.2835318243295539,0.4403495353317888,-1.781642023860275,0.07480762683094888,0.446703651219142,False,Not significant
Gene0378,65.45009209423955,-0.31598778972612845,0.292347602621439,-1.7831546275793007,0.07456113601838558,0.446703651219142,False,Not significant
Gene0159,81.77920656177058,0.31163882682278193,0.2936409497008805,1.7723735140803603,0.07633257538527301,0.446703651219142,False,Not significant
Gene0952,38.88862870909566,0.31893719133619247,0.3229981617312042,1.7772294712335774,0.07553049238049869,0.446703651219142,False,Not significant
Gene0147,73.18864550114615,-0.2975551691825245,0.340346025053647,-1.7656559054816563,0.07745359468155405,0.45059767729445266,False,Not significant
Gene0695,41.555904130776675,-0.3067306935191133,0.27515190075618845,-1.7614862341438398,0.07815614091564436,0.4520258676349256,False,Not significant
Gene0795,33.29406736967007,0.3086993095329689,0.3029435059936733,1.7467261960552187,0.08068484409159109,0.4595180726373419,False,Not significant
Gene0958,36.447891933957656,-0.3078385156947334,0.29432577174723296,-1.7458015328718492,0.08084544452871334,0.4595180726373419,False,Not significant
Gene0103,32.64122859950404,0.3138233974118066,0.33470126433371183,1.7490733933632576,0.08027833368323946,0.4595180726373419,False,Not significant
Gene0359,51.74769481395083,0.31019707974139876,0.31776306043258035,1.7373259213304262,0.08232965866900971,0.4635802466618234,False,Not significant
Gene0921,262.6587227154882,0.30607346107415306,0.30602724388947156,1.7363747325817227,0.0824975969792527,0.4635802466618234,False,Not significant
Gene0912,82.52734595955998,0.2976341982577782,0.2757380502446775,1.7257305727701107,0.08439589517155567,0.46370855735926975,False,Not significant
Gene0712,24.764851120910517,0.30789777546288216,0.3053921305330591,1.7287534941075264,0.08385322275439965,0.46370855735926975,False,Not significant
Gene0227,207.6948629642801,-0.30144453740907823,0.28734768447201886,-1.7259967295962009,0.08434800110195761,0.46370855735926975,False,Not significant
Gene0904,104.7293285326132,0.29918169234072484,0.2780257175690438,1.7263527106320506,0.08428397783682659,0.46370855735926975,False,Not significant
Gene0315,85.79083705611026,0.29802352252128644,0.2799110568841367,1.7200026903403682,0.08543195254997211,0.46680774072885317,False,Not significant
Gene0534,99.28939921295375,-0.29890373560498334,0.29000796078840696,-1.7169328096773413,0.08599144927717704,0.4672832051380665,False,Not significant
Gene0667,258.9273101174968,-0.28916715050211034,0.2714699084985025,-1.709818413448071,0.08729945693218144,0.4717987044039751,False,Not significant
Gene0157,238.95704957776022,-0.2784098222894876,0.2390940376226269,-1.6988034332449289,0.08935622653388137,0.47769355698383065,False,Not significant
Gene0198,153.83711571231632,0.2820983442281277,0.24470889261825648,1.7000272148301516,0.08912580657616861,0.47769355698383065,False,Not significant
Gene0985,33.41092579095656,0.2919596131956398,0.32281551270495124,1.6754127086805408,0.09385328483585817,0.49586220280598,False,Not significant
Gene0879,151.20799919714207,0.2814721092249995,0.2854325974795114,1.6737582990092406,0.09417811097359498,0.49586220280598,False,Not significant
Gene0301,19.668046351329036,-0.29366557217514155,0.32049504139088053,-1.6733473176550329,0.0942589424949689,0.49586220280598,False,Not significant
Gene0168,48.56499502569715,0.28508025521811176,0.29594843147278793,1.6473680011972605,0.09948242836827302,0.5178322192432738,False,Not significant
Gene0281,9.18484366289288,0.2771552772130515,0.3731171351202839,1.6482858726764533,0.0992940223547655,0.5178322192432738,False,Not significant
Gene0651,110.06740285482398,0.2783944611626424,0.26943766862706475,1.6431119278060728,0.10035977743799478,0.5196639784616588,False,Not significant
Gene0822,56.11331132738846,-0.2830964585663622,0.30524816537821714,-1.6355261582319043,0.10193879569617258,0.523206063995309,False,Not significant
Gene0125,5.280663573765604,0.22579307152202752,0.5015609955507264,1.6322306015351093,0.10263091649655202,0.523206063995309,False,Not significant
Gene0640,321.0901714470581,-0.27403959493534896,0.2865611821523017,-1.6327209058792658,0.1025277084903381,0.523206063995309,False,Not significant
Gene0585,33.069077718609314,-0.2760771570115103,0.3021002827341122,-1.6130172682542536,0.10674075619784817,0.541367219895753,False,Not significant
Gene0909,97.12334734188313,-0.27061428396074505,0.3047926661227934,-1.5901495737079643,0.11180109387569351,0.5638757001925072,False,Not significant
Gene0649,86.6436721522635,-0.2682358318553767,0.2894292201271554,-1.5878554817972772,0.1123190221819251,0.5638757001925072,False,Not significant
Gene0733,81.29674775027114,-0.25650701167596596,0.30580942746602463,-1.5824871213534903,0.11353841004395539,0.5671186239064236,False,Not significant
Gene0793,33.78388389904875,0.2627211056133978,0.27919617960208065,1.5631941027914533,0.11800694679821105,0.5777666850664889,False,Not significant
Gene0439,68.04817046908558,0.2567609528449988,0.25944332778532875,1.5660655126575862,0.11733328085292724,0.5777666850664889,False,Not significant
Gene0754,624.814394792396,0.2604329654567444,0.2619157352062847,1.5662786406119173,0.11728339916932998,0.5777666850664889,False,Not significant
Gene0037,92.3968131545726,0.2640840668030638,0.2804112881654015,1.5656633984370907,0.11742743931120732,0.5777666850664889,False,Not significant
Gene0940,79.77056818736645,0.2640707371861689,0.33386982083518696,1.5588803821923274,0.11902469435210954,0.57987892962678,False,Not significant
Gene0799,24.17315570054588,-0.25998511787764206,0.2852112522812578,-1.5426351659304358,0.1229193206847507,0.5874585173571183,False,Not significant
Gene0538,148.45630851650216,0.24388566578169862,0.22862497822502717,1.5424823082552004,0.12295643386544337,0.5874585173571183,False,Not significant
Gene0560,131.86344300910727,0.24002386684074273,0.21881846223619145,1.5436631972731807,0.12266994639377263,0.5874585173571183,False,Not significant
Gene0802,44.058237315139515,-0.2569183058121583,0.2708404151606707,-1.5483104184602319,0.12154757727039378,0.5874585173571183,False,Not significant
Gene0376,47.083946921273245,-0.2516622560431589,0.3468139082562029,-1.5297479496561073,0.12607912986589898,0.599482016525837,False,Not significant
Gene0191,241.73546811401715,-0.24015451416170053,0.3116216253027137,-1.5241843838691145,0.12746265786629338,0.603160615453417,False,Not significant
Gene0955,86.47214749822426,-0.23748144738861895,0.23356242066941388,-1.503280160883485,0.1327668138378613,0.6140352866061118,False,Not significant
Gene0244,59.53911064307252,-0.24635818083602395,0.2624868892817064,-1.5065350237941377,0.13192988318744717,0.6140352866061118,False,Not significant
Gene0969,25.924355886215338,-0.24882327238899188,0.2949124698055882,-1.5028990925467702,0.13286506707149437,0.6140352866061118,False,Not significant
Gene0337,27.182318934142312,0.2500011662190285,0.27515617748790955,1.508040037945757,0.13154428012788813,0.6140352866061118,False,Not significant
Gene0109,283.9875694610928,-0.24375794677728344,0.2653722680243472,-1.511377671791621,0.13069225481750094,0.6140352866061118,False,Not significant
Gene0332,292.4784752833455,-0.24876162237435961,0.28739887819486887,-1.499884909776872,0.13364421752910513,0.6142627454641546,False,Not significant
Gene0685,229.07734554971125,-0.2423004375213379,0.2483142039126477,-1.4979106194466782,0.1341564742368629,0.6142627454641546,False,Not significant
Gene0436,21.518871495838805,0.24953083852794022,0.2995439603242589,1.4912160790787994,0.1359047735116681,0.6194000967882016,False,Not significant
Gene0792,35.55910877236341,0.2450672923903747,0.31470498914403905,1.4831089133619992,0.13804547622846988,0.6262705320640216,False,Not significant
Gene0723,27.03058341109093,0.1564731368473536,0.7874235330072894,1.4731586993010943,0.1407082486005223,0.6354358806662856,False,Not significant
Gene0808,128.8841496246978,-0.2283276999358473,0.22410861183096772,-1.4684592682730162,0.14197951253293023,0.6378126345304144,False,Not significant
Gene0959,530.6884933029279,0.23842985376808665,0.2835293141613535,1.4664550434457713,0.1425243601933484,0.6378126345304144,False,Not significant
Gene0657,536.4428981426871,-0.22266245546771346,0.21711435778276933,-1.4499725179301686,0.14706618305312016,0.6551732208988101,False,Not significant
Gene0961,25.941218478177365,-0.23601549432297364,0.297918746710231,-1.4453729122380905,0.1483531677641319,0.6564708799562334,False,Not significant
Gene0590,53.77095254860554,-0.23503786205389754,0.2807340633018968,-1.437146646192466,0.15067632937316985,0.6564708799562334,False,Not significant
Gene0826,64.44944662836886,-0.23329072589124822,0.30495689847134294,-1.4394186306099381,0.15003194891543373,0.6564708799562334,False,Not significant
Gene0830,247.66060821523297,0.23566258661086056,0.27480904918067345,1.439936754565547,0.14988529327738995,0.6564708799562334,False,Not significant
Gene0257,35.28149864715508,0.23640497885733575,0.3056854077267893,1.439876189656552,0.14990243060506092,0.6564708799562334,False,Not significant
Gene0633,1670.8400437584394,0.22746507842340916,0.24712913763915834,1.4236130402347484,0.1545585188951022,0.6675038217784107,False,Not significant
Gene0806,210.76776307659824,-0.23063141542351637,0.27643956194865615,-1.423648556328598,0.15454823239604654,0.6675038217784107,False,Not significant
Gene0515,20.427249064871692,-0.21724836962546853,0.3344790833377353,-1.4145590186176855,0.15719783166080373,0.675950676141456,False,Not significant
Gene0177,170.55188485509103,0.2267253162945235,0.2566872111544186,1.4104726075108593,0.15840017926629757,0.6781721960795165,False,Not significant
Gene0314,14.37729928419013,-0.22085357444627904,0.34149350701926556,-1.4009628065052355,0.1612251955844537,0.6785179507788286,False,Not significant
Gene0797,21.844677543014694,-0.2276533922006114,0.2849324527376752,-1.403106364923447,0.1605851234489073,0.6785179507788286,False,Not significant
Gene0731,27.00804631476218,-0.22927282556237652,0.2779853808399985,-1.405485639925117,0.15987691650507396,0.6785179507788286,False,Not significant
Gene0665,30.11114008572446,0.23018093728726016,0.3104656729875169,1.4075207127327376,0.15927303976849816,0.6785179507788286,False,Not significant
Gene0458,61.79040397763723,-0.22635272644037008,0.27476482376108613,-1.398373789586544,0.16200084974970141,0.678893391535825,False,Not significant
Gene0927,60.13809990817635,0.22300894427862641,0.2681678874868653,1.3947819044210419,0.16308161731500714,0.680538900947435,False,Not significant
Gene0390,77.4518172352398,-0.225026759299635,0.27778865360361205,-1.3874185834204236,0.16531416159878676,0.6840824511347285,False,Not significant
Gene0942,287.5538068102187,-0.22292693615056336,0.30856383569728596,-1.387841123618245,0.16518542931426927,0.6840824511347285,False,Not significant
Gene0261,35.833547159806386,0.22287200046578035,0.2594057788334291,1.3833546573769246,0.16655614640253225,0.6863501199671017,False,Not significant
Gene0426,61.98987557937863,0.21722496940626748,0.2402038281373019,1.3774500060836363,0.1683731614287688,0.688103539888646,False,Not significant
Gene0253,57.12147595021984,-0.22043894303136902,0.27946699769354266,-1.3775751054090195,0.1683345114489777,0.688103539888646,False,Not significant
Gene0705,54.59076398558602,0.21101705091243142,0.27626029573214544,1.3609251337910493,0.17353734982991098,0.694918136691047,False,Not significant
Gene0771,12.852158664126646,-0.20768176737988886,0.32484383963632224,-1.3569304904992774,0.1748032976386572,0.694918136691047,False,Not significant
Gene0570,211.3316169848592,-0.2078220702903647,0.2334178216290045,-1.353552853064068,0.17587907715688345,0.694918136691047,False,Not significant
Gene0247,21.858426901542952,-0.210816899706102,0.3004404378837704,-1.3520981558152614,0.17634391721219855,0.694918136691047,False,Not significant
Gene0592,50.175609582247525,-0.2126297072342452,0.32238131514503293,-1.352033929696138,0.1763644613846843,0.694918136691047,False,Not significant
Gene0459,61.28589412940605,0.2115696639558522,0.3268325198227142,1.3550615455494384,0.17539794913984297,0.694918136691047,False,Not significant
Gene0697,388.02908630703797,0.21092225857899607,0.23350254546096494,1.3589555117217154,0.17416068658105288,0.694918136691047,False,Not significant
Gene0866,44.676624346761805,-0.2151333818707045,0.29710508974154415,-1.3615724208459261,0.17333286385064695,0.694918136691047,False,Not significant
Gene0288,42.867763718726,-0.2180504900154352,0.27794931355632574,-1.3535491530794184,0.17588025830525256,0.694918136691047,False,Not significant
Gene0674,19.86172636787208,-0.21184707027640587,0.3223893322455782,-1.346793743371099,0.17804667035227806,0.698420032734763,False,Not significant
Gene0245,105.40566517762169,0.1972327065229126,0.29911936961597096,1.3448750466961015,0.17866558976935798,0.698420032734763,False,Not significant
Gene0411,162.02985887327387,-0.21017602390992243,0.24855201629919252,-1.3318878744405116,0.1828970361215354,0.7121463335598367,False,Not significant
Gene0234,30.426054134883092,-0.20814656593068287,0.2863742080131203,-1.3042424674076432,0.1921509245183085,0.7423330638617466,False,Not significant
Gene0911,49.56340050198761,0.20332859583877116,0.2800455679869828,1.3056602766378183,0.1916681122845122,0.7423330638617466,False,Not significant
Gene0479,194.9696165019419,0.19431393621224424,0.3115137924946262,1.2833536239111605,0.19936821368155777,0.7427563631489146,False,Not significant
Gene0343,105.28925514684602,0.20512862242346347,0.2588111078625293,1.2968203845607211,0.19469299516514793,0.7427563631489146,False,Not significant
Gene0753,48.41496703090005,0.2022056297648397,0.25667215677726035,1.2822060100463655,0.19977038848114193,0.7427563631489146,False,Not significant
Gene0814,114.53645683948382,-0.1980900845180725,0.29393971182419976,-1.2897367817001752,0.19714206419271507,0.7427563631489146,False,Not significant
Gene0563,72.63418159448372,-0.19842936928219773,0.24074464891250225,-1.2759964291719277,0.20195678137604645,0.7427563631489146,False,Not significant
Gene0729,157.17764956756915,-0.20236596355875766,0.2626143956452518,-1.2808280984239022,0.20025405227903403,0.7427563631489146,False,Not significant
Gene0976,43.91783193220254,-0.20262220593674773,0.259067996227892,-1.2885921952626234,0.19753989818169004,0.7427563631489146,False,Not significant
Gene0112,22.011710158627974,0.19620559640872398,0.3206431156049639,1.2758070844050342,0.20202372263605461,0.7427563631489146,False,Not significant
Gene0442,330.5639257396472,-0.201401431332132,0.23821045142256098,-1.2926657203681478,0.19612669865986,0.7427563631489146,False,Not significant
Gene0828,40.21166531455572,0.2017943286404673,0.27047095185117376,1.27702758508584,0.20159250861827438,0.7427563631489146,False,Not significant
Gene0566,352.04867345174534,-0.20266495969959925,0.2914460152679846,-1.2968821437253077,0.19467174128602527,0.7427563631489146,False,Not significant
Gene0404,100.14298928665829,-0.19828707663544518,0.2388537398948123,-1.2837419582724094,0.19923225814302425,0.7427563631489146,False,Not significant
Gene0506,76.75130597909896,-0.20474541131788485,0.2926806530119271,-1.2996455013878359,0.19372249702556987,0.7427563631489146,False,Not significant
Gene0726,64.15604253812155,-0.19759340599124334,0.27872595207418366,-1.2672003637895373,0.20508365574419019,0.7512138353000152,False,Not significant
Gene0755,44.02782116184841,0.19319385653776305,0.32437071194090955,1.262490209442139,0.20677244706781606,0.7546049821035796,False,Not significant
Gene0979,292.0334450275912,0.19743366029479795,0.2582977938882955,1.258982204696589,0.20803675955365653,0.7555550398051609,False,Not significant
Gene0444,69.26326387263218,0.19744161701547755,0.28549718313129874,1.257533010411066,0.20856069349525674,0.7555550398051609,False,Not significant
Gene0127,98.06546638723655,-0.19500136339694818,0.27974228932394735,-1.2520631256969974,0.21054686279374246,0.7599665959963916,False,Not significant
Gene0693,579.0332371445842,0.1942135341996553,0.2547343409601529,1.2463520014894978,0.21263519451746382,0.7647134813737153,False,Not significant
Gene0323,317.0557871017364,-0.18882632657939638,0.2320571653749664,-1.2339912877994206,0.21720615068765892,0.7727226008276786,False,Not significant
Gene0954,206.60162349506172,0.19466397808090619,0.275015280224758,1.235605555576201,0.21660521863134752,0.7727226008276786,False,Not significant
Gene0490,19.726692784904845,-0.18891432848325304,0.3188350667402993,-1.2358121303205098,0.2165284049489239,0.7727226008276786,False,Not significant
Gene0188,55.59674102602556,0.19063345668227236,0.28228400751145105,1.2296084774706637,0.21884375392490663,0.7757579664219808,False,Not significant
Gene0203,18.776801149174883,-0.18849458758620868,0.29772736888946466,-1.2272028310252205,0.2197463656549059,0.7761755558310783,False,Not significant
Gene0324,60.902880974884596,0.18937539987692134,0.3171569311861769,1.2244776973161973,0.22077207469585747,0.7770234230398684,False,Not significant
Gene0362,39.135649764751726,-0.17457114177726302,0.33283946753075566,-1.2177006846738776,0.22333773679213076,0.7832660343525437,False,Not significant
Gene0146,173.04881054737714,-0.17828335999074862,0.2075698599191643,-1.2131369676624744,0.22507745826191172,0.7845954377758504,False,Not significant
Gene0865,28.91313022796003,-0.19002052832938623,0.265837977512852,-1.2125460081689592,0.22530344219245857,0.7845954377758504,False,Not significant
Gene0760,75.73613156739256,0.18881045707820518,0.2723482992032484,1.2016386271409838,0.22950356892821178,0.7964176479649174,False,Not significant
Gene0707,40.01975862585078,0.18757284692728243,0.2676041451109177,1.1992682538678425,0.23042365501674034,0.7968146671732733,False,Not significant
Gene0331,35.98108205732435,-0.18570372417590938,0.24798603166481578,-1.197099873061496,0.23126762945148627,0.7969466394687105,False,Not significant
Gene0569,58.81568226499254,-0.1817227248801204,0.23012468323283955,-1.1927419200792462,0.23297046266328314,0.800027040187455,False,Not significant
Gene0862,1176.8084218034883,-0.18106915081439173,0.2333186589407859,-1.1877255874356467,0.23494153949315355,0.8040040918987157,False,Not significant
Gene0647,49.04306706756833,0.17994933662688306,0.23735914593021554,1.1732234584893468,0.24070620717822266,0.8152686263673363,False,Not significant
Gene0484,99.69538502852436,0.18052248291305648,0.29415182316731897,1.1737445501577168,0.2404973601063375,0.8152686263673363,False,Not significant
Gene0930,208.6396975701401,0.17962739562216304,0.23022838652098554,1.1751157292581473,0.23994841859096494,0.8152686263673363,False,Not significant
Gene0128,112.89622691685365,0.17402691912983173,0.22063284792212862,1.1663994826379551,0.24345296761792645,0.8196701350911034,False,Not significant
Gene0338,116.8134141542492,0.17344921829285984,0.2121754097558104,1.165879134628197,0.24366331619492865,0.8196701350911034,False,Not significant
Gene0485,146.49872933390307,0.17239328979807725,0.23052391122428745,1.1342481967903453,0.2566904521842216,0.8469775712723483,False,Not significant
Gene0859,100.17911665915933,-0.17452341738574034,0.25219111629809554,-1.1319418116277522,0.25765889872092307,0.8469775712723483,False,Not significant
Gene0531,56.89289135990041,-0.171273550635426,0.28857448094704785,-1.1379278847704604,0.2551505964180195,0.8469775712723483,False,Not significant
Gene0765,197.10628896648282,0.17285798680784664,0.24719340782641025,1.132727810944404,0.25732857487807503,0.8469775712723483,False,Not significant
Gene0600,73.95886323048718,0.17472863769936955,0.2991003185275732,1.1437829880622632,0.25271364667188334,0.8469775712723483,False,Not significant
Gene0869,55.518172476957346,-0.16405474382572943,0.3154430660781702,-1.1407064183848807,0.2539921147174139,0.8469775712723483,False,Not significant
Gene0783,17.89358784287011,-0.1649221947876921,0.2905077034239505,-1.129629961740639,0.2586321805098576,0.8469775712723483,False,Not significant
Gene0214,158.53793257037168,-0.16986657381947998,0.24391717049299957,-1.1311554152415826,0.25798968368063613,0.8469775712723483,False,Not significant
Gene0837,34.569550301949896,0.17392403360592207,0.2804605760933782,1.1244868205626066,0.26080655852507895,0.8497761770284716,False,Not significant
Gene0434,180.90876976430727,-0.16969212162005537,0.2280252952411119,-1.1235470846051585,0.2612052151836758,0.8497761770284716,False,Not significant
Gene0369,322.31799951176663,0.16976328426309734,0.235399552904427,1.1136778000134857,0.26541743649888805,0.8552774443307929,False,Not significant
Gene0551,41.77638306676641,-0.16905424903343427,0.2717196758048662,-1.1126133923529042,0.26587450617145536,0.8552774443307929,False,Not significant
Gene0246,298.822751725001,-0.16747898904015582,0.22960093941991172,-1.1114949516905956,0.26635536183405883,0.8552774443307929,False,Not significant
Gene0642,69.41059255351043,0.17165032437163372,0.2514213725706822,1.1125128693402666,0.26591769997161596,0.8552774443307929,False,Not significant
Gene0205,26.287420908286354,-0.16901934166170154,0.28061074479256687,-1.1049011131435873,0.2692024400487152,0.8555730647962522,False,Not significant
Gene0260,17.740431510401088,-0.16257012247995306,0.33372127544198427,-1.108677669291267,0.2675692585941737,0.8555730647962522,False,Not significant
Gene0106,43.70465696756498,-0.1655862805359587,0.27836387211878216,-1.1023101445956163,0.27032686053410193,0.8555730647962522,False,Not significant
Gene0903,36.184920885107054,-0.1679678703685093,0.27986367907534165,-1.1012844635574184,0.27077287086069457,0.8555730647962522,False,Not significant
Gene0576,32.2438183107828,0.16184885508329844,0.3308988368959749,1.1040257824914739,0.26958195371356497,0.8555730647962522,False,Not significant
Gene0438,239.85645482718107,0.16632132389018475,0.25349730482976096,1.096514296481169,0.2728537703587316,0.8594024805247947,False,Not significant
Gene0395,7.947052144765789,0.15176849531286177,0.3490034578581116,1.0904255728846262,0.2755257220349978,0.8648870606349283,False,Not significant
Gene0398,182.78099963456597,-0.1603543798563146,0.3031919915858467,-1.0885687669759334,0.2763440962190469,0.8648870606349283,False,Not significant
Gene0477,211.16383085856958,-0.16495409134343092,0.26435565679935347,-1.084293359116505,0.27823474881980315,0.8653275678703941,False,Not significant
Gene0938,49.71065089855649,-0.16604296446985545,0.2529004255915691,-1.0850013873322863,0.2779210408142584,0.8653275678703941,False,Not significant
Gene0140,231.47352916985835,-0.16099270906043173,0.24689981910564904,-1.0810006632070002,0.279696818621747,0.8671478169809022,False,Not significant
Gene0358,79.96024410997673,0.16431458556773715,0.2831763094172935,1.0747835550176708,0.2824716447420542,0.8702942574762979,False,Not significant
Gene0307,42.12219092951706,0.1628604874876744,0.26686261902941855,1.076504188555924,0.28170182865722326,0.8702942574762979,False,Not significant
Gene0161,130.06092837018747,-0.16335924623616732,0.26102891980491755,-1.0727979177197469,0.28336179528537553,0.8703255140907963,False,Not significant
Gene0573,15.18819681018954,-0.1493780189040138,0.3019834308565329,-1.0567791825133657,0.2906123772521372,0.876267198482816,False,Not significant
Gene0847,86.62916789753798,0.1617298211535105,0.2582563421747004,1.060195579583129,0.28905563171905546,0.876267198482816,False,Not significant
Gene0523,42.430193405023246,0.1565364546316233,0.28255974788452365,1.0572689214191668,0.2903888728457813,0.876267198482816,False,Not significant
Gene0219,142.9104501656369,0.1530613579103312,0.3368989006027424,1.0573584303115535,0.29034803576466983,0.876267198482816,False,Not significant
Gene0424,182.18280903690086,-0.1590072930242595,0.23067896866577345,-1.0569617443158674,0.2905290471529375,0.876267198482816,False,Not significant
Gene0589,112.65055447122732,0.16004547882376025,0.23132964049163343,1.058339325953176,0.2899007701645089,0.876267198482816,False,Not significant
Gene0894,81.35608108402892,-0.15944872288773623,0.28479231605062505,-1.0528885095780407,0.29239209294919777,0.8789537383791994,False,Not significant
Gene0317,75.96992821680801,-0.1184890874196319,0.33805866934594603,-1.0447668103143364,0.2961307579400102,0.8794680055368583,False,Not significant
Gene0500,106.43434786226804,0.15760235534333314,0.2379872441914762,1.0477471484994172,0.2947551185583065,0.8794680055368583,False,Not significant
Gene0181,159.33263678910905,-0.15830839685426537,0.2377499812747208,-1.0466520340887573,0.29526009373933726,0.8794680055368583,False,Not significant
Gene0153,79.08885644368421,-0.1463895885951382,0.3375830107634582,-1.0441695090498508,0.29640697124106596,0.8794680055368583,False,Not significant
Gene0142,93.99416320451745,0.14990852898170148,0.35710103209985883,1.042868031564488,0.2970094174411635,0.8794680055368583,False,Not significant
Gene0107,212.41282601170272,-0.15742617793354827,0.24361449216325973,-1.0408626270299484,0.2979393090797743,0.879587990089244,False,Not significant
Gene0213,33.645150736335744,-0.14692963051346383,0.3460840014423091,-1.0378088538302133,0.29935905400953355,0.8811491202840139,False,Not significant
Gene0170,17.36001616432113,0.15498633470701073,0.28579028619849955,1.0324971244576773,0.30183929403618404,0.885813239767911,False,Not significant
Gene0396,75.0428892021567,0.15536512721373294,0.24218225803187463,1.0283250683654774,0.30379694283418757,0.8889206404231109,False,Not significant
Gene0718,24.03992024965842,0.13888686734027222,0.31637694199574046,0.9925595243917983,0.3209246579496896,0.8897220518263103,False,Not significant
Gene0690,561.3526847909426,-0.15297059144705497,0.2783468576557698,-1.024802648792321,0.30545631634751835,0.8897220518263103,False,Not significant
Gene0680,13.465942534800881,-0.1366384329848587,0.30380130717822734,-0.9636974541939979,0.33519763107056877,0.8897220518263103,False,Not significant
Gene0686,15.605541287569162,0.14176906484942275,0.2743890912821585,0.9678320032616837,0.33312827783107546,0.8897220518263103,False,Not significant
Gene0748,37.77509606933368,0.1473049707495632,0.26621922390734715,0.9732953599782506,0.33040652790319225,0.8897220518263103,False,Not significant
Gene0433,32.36572177148647,0.1478347789346826,0.308583788442737,0.9943938381338695,0.3200311668302819,0.8897220518263103,False,Not significant
Gene0945,783.8987342737341,0.1384076335662112,0.40256944535929345,1.0145651792093433,0.310313144866331,0.8897220518263103,False,Not significant
Gene0413,127.3327134222335,-0.13938912110325852,0.28693340156294483,-0.9637306715905786,0.33518097274739367,0.8897220518263103,False,Not significant
Gene0258,499.9123813741151,0.14622703742951992,0.24485428821427985,0.971903078771263,0.3310987680021361,0.8897220518263103,False,Not significant
Gene0262,18.632070885035514,-0.1484132445472286,0.28352507500301916,-0.989989424260724,0.3221792882659882,0.8897220518263103,False,Not significant
Gene0449,164.72591453740787,0.14453914105242988,0.25728196368827905,0.962980204809911,0.3355574573621979,0.8897220518263103,False,Not significant
Gene0460,77.46582194334421,-0.15137806345909918,0.22799458779757398,-1.0124207230276265,0.31133693408417196,0.8897220518263103,False,Not significant
Gene0270,84.86116084687804,-0.14598733412755627,0.2523889063606833,-0.9747045553295818,0.3297068326889395,0.8897220518263103,False,Not significant
Gene0283,33.56365289690824,0.1530964232686062,0.26023571368386733,1.015790802854814,0.3097290166166672,0.8897220518263103,False,Not significant
Gene0441,30.813589674122166,0.14998584317724348,0.25014950684991627,0.9890121703114273,0.32265718720167,0.8897220518263103,False,Not significant
Gene0290,156.74627519293162,-0.14989694337975237,0.24552765740601468,-0.9953136900771069,0.31958372149840697,0.8897220518263103,False,Not significant
Gene0226,97.80699768231527,0.1345459142707225,0.2956587618264956,0.9784052885060037,0.3278739136139154,0.8897220518263103,False,Not significant
Gene0250,15.152211036543846,0.14956704895354292,0.2946421109334498,0.9989233175296794,0.31783183964108774,0.8897220518263103,False,Not significant
Gene0639,123.8682974232975,0.14933261807877335,0.27163341002865354,0.9910285737188171,0.3216716280098354,0.8897220518263103,False,Not significant
Gene0775,168.62037253350715,-0.14777637781819614,0.27772976573276026,-0.9937386177962182,0.3203501366173078,0.8897220518263103,False,Not significant
Gene0476,18.058532207730384,0.15173773307014532,0.2688749520496208,1.0048168198563463,0.3149850632053002,0.8897220518263103,False,Not significant
Gene0492,99.54937633266279,-0.15034022817763856,0.2295681336616507,-1.0085709411746864,0.31318044937324274,0.8897220518263103,False,Not significant
Gene0243,88.52462385569142,-0.14002469362743067,0.2880183714728565,-0.9687059363820857,0.3326919298277008,0.8897220518263103,False,Not significant
Gene0917,103.1361281962207,0.1469851684044772,0.27007093582429076,0.974812734804012,0.32965315899088377,0.8897220518263103,False,Not significant
Gene0176,26.8337236675067,0.14022689658230356,0.3025649070139948,1.0089888290385471,0.31297999165409407,0.8897220518263103,False,Not significant
Gene0824,91.32337018962768,0.14716884894668855,0.25074254967486503,0.9762924792597094,0.32891954581219607,0.8897220518263103,False,Not significant
Gene0554,128.69333556528525,0.15350348410821452,0.2607863498941726,1.0147475546950981,0.31022617927432594,0.8897220518263103,False,Not significant
Gene0167,45.297166438866064,0.15558281678059707,0.25366447604565184,1.021112718182429,0.30720103814674626,0.8897220518263103,False,Not significant
Gene0211,123.17078256374464,0.15111552319986515,0.296616086125191,1.0129096830414233,0.31110330284866783,0.8897220518263103,False,Not significant
Gene0962,39.809875411042185,-0.14378313876271132,0.28031820171026856,-0.9634576051429009,0.33531792974343466,0.8897220518263103,False,Not significant
Gene0788,178.0854042886997,-0.1484409421098551,0.2354635345548569,-0.99925071811396,0.31767325227258314,0.8897220518263103,False,Not significant
Gene0473,159.94631658233962,-0.1421745179486811,0.2868038367006623,-0.9755072064304866,0.3293087287869122,0.8897220518263103,False,Not significant
Gene0151,372.04734963220477,-0.15116078264048588,0.2725372815856161,-1.0232963937290072,0.3061677283277481,0.8897220518263103,False,Not significant
Gene0136,338.2677326487282,0.1409672566656297,0.20826590452723828,0.9699037090783058,0.332094491089293,0.8897220518263103,False,Not significant
Gene0114,21.446266696276606,0.143209683951135,0.2830107253549188,0.9732184774295413,0.33044472933696933,0.8897220518263103,False,Not significant
Gene0293,80.15312781676383,-0.13097572965987805,0.21674404932815278,-0.9007745703800618,0.3677081908713308,0.8929972776588287,False,Not significant
Gene0670,144.38174046634904,0.13678422274794938,0.23396709161734314,0.9194204662434983,0.35787568842452333,0.8929972776588287,False,Not significant
Gene0238,182.2154168051251,-0.1376544172211393,0.3121166284030914,-0.9509995601002493,0.34160459917706587,0.8929972776588287,False,Not significant
Gene0229,8.587900305168729,0.12786811716580657,0.32128220537224367,0.9234412502065726,0.35577730336055446,0.8929972776588287,False,Not significant
Gene0659,166.40542981374014,0.13171997759011494,0.28191669809146475,0.9437018767331282,0.3453220147144569,0.8929972776588287,False,Not significant
Gene0926,50.41793631033323,0.134644076153304,0.2526296969769475,0.9003271389976298,0.36794618259901746,0.8929972776588287,False,Not significant
Gene0767,194.76540708231536,0.14060886304690545,0.2409960073883878,0.9457985222592458,0.344251359450763,0.8929972776588287,False,Not significant
Gene0752,23.592219777972783,-0.13263161725393494,0.2904122151730913,-0.9069265780626148,0.3644456251744663,0.8929972776588287,False,Not significant
Gene0463,101.04514020150812,-0.1329723281811832,0.25898873593894045,-0.9194207713895597,0.35787552887855845,0.8929972776588287,False,Not significant
Gene0268,63.15388458800015,-0.14009646966935677,0.238300642672205,-0.9374963208799099,0.3485033153759012,0.8929972776588287,False,Not significant
Gene0975,130.99931377476202,0.13586000403124665,0.2792340519461409,0.9269209586674916,0.3539675744672398,0.8929972776588287,False,Not significant
Gene0916,131.4724080168643,-0.12708388895256406,0.28150664227525957,-0.9036421266129117,0.36618519583950326,0.8929972776588287,False,Not significant
Gene0863,89.4473220190552,-0.14054349900571192,0.292815570329792,-0.9520592846091531,0.3410669163862141,0.8929972776588287,False,Not significant
Gene0179,31.720262254398264,-0.1408601419627337,0.2390110574871217,-0.9398147782290694,0.3473125770827389,0.8929972776588287,False,Not significant
Gene0886,360.41128306383547,0.1405441048145992,0.24524244074858284,0.9367193686221712,0.3489029305391299,0.8929972776588287,False,Not significant
Gene0189,90.68212403109635,-0.1354347478899255,0.24514068660506952,-0.9249808112829145,0.3549758888875435,0.8929972776588287,False,Not significant
Gene0187,23.490548889528853,0.13634773592822935,0.3067488512353322,0.9283792342753642,0.3532108863195489,0.8929972776588287,False,Not significant
Gene0300,86.21760514153607,0.1302984614420344,0.30798933542826057,0.9104861497084966,0.362566182767311,0.8929972776588287,False,Not significant
Gene0299,129.4916231869982,0.13808346805548308,0.3164710002200849,0.947050706925889,0.3436129410282167,0.8929972776588287,False,Not significant
Gene0759,142.79835614142846,-0.1317740498576463,0.20462829807481814,-0.9214837863707953,0.3567979024002713,0.8929972776588287,False,Not significant
Gene0409,40.315821887850284,0.13650446312434766,0.23199492324203788,0.9148664657355636,0.36026173661502625,0.8929972776588287,False,Not significant
Gene0688,111.23584918735276,-0.1334905121096411,0.2201554495840247,-0.9119589130903749,0.36179034677491806,0.8929972776588287,False,Not significant
Gene0380,29.714622663309854,-0.09445080158362293,0.34042807271040443,-0.9568272380825955,0.33865446171461444,0.8929972776588287,False,Not significant
Gene0750,328.2041910652717,-0.13764575914012578,0.2482182894272081,-0.923796225032687,0.3555924209998097,0.8929972776588287,False,Not significant
Gene0394,192.2135359669788,0.1352506755913619,0.2420975282000117,0.9017857667403208,0.36717068209270387,0.8929972776588287,False,Not significant
Gene0694,42.903989686256416,-0.13764061356988802,0.27044895024232346,-0.9217974784416615,0.3566342229804189,0.8929972776588287,False,Not significant
Gene0340,40.52111689879928,0.13329252662492314,0.2523371159268334,0.8994833943489398,0.3683952368905987,0.8929972776588287,False,Not significant
Gene0386,320.6455142950078,0.13473231496847227,0.27844284029846816,0.9076018048241271,0.3640886404240684,0.8929972776588287,False,Not significant
Gene0381,87.98966981940829,-0.13112082025381847,0.2514616228264001,-0.8995398354223074,0.3683651874147157,0.8929972776588287,False,Not significant
Gene0101,106.81953365179038,-0.141673657501734,0.2466508474557105,-0.9578564494460682,0.33813514960890034,0.8929972776588287,False,Not significant
Gene0928,13.668741568745924,0.13171063060167443,0.3183810870932953,0.9415071013051122,0.3464450518509461,0.8929972776588287,False,Not significant
Gene0470,158.7662123278478,0.1408648405159392,0.25578244541381245,0.9374723167673491,0.34851565721935396,0.8929972776588287,False,Not significant
Gene0493,54.488045913742134,0.12836331254249894,0.3295572987930912,0.9066450694635735,0.36459452017691807,0.8929972776588287,False,Not significant
Gene0855,69.4455518432011,0.13305593007296718,0.2620671532032505,0.9175954883782294,0.35883068075620006,0.8929972776588287,False,Not significant
Gene0537,225.08452480872086,-0.13742572397056727,0.2212687427690608,-0.930472022535666,0.3521267432298891,0.8929972776588287,False,Not significant
Gene0919,116.89535028183344,0.123833055186402,0.3659492741789,0.8949368111721969,0.3708208674033008,0.8954138973163908,False,Not significant
Gene0355,526.1650495073842,0.13120676463674252,0.25076969454003084,0.8942223615556164,0.371202930131163,0.8954138973163908,False,Not significant
Gene0550,26.88565176911393,0.1293975950916432,0.272756736501388,0.8856216834732268,0.37582142307851873,0.8978155988025818,False,Not significant
Gene0540,198.38542961528427,0.13163857483091496,0.23154733946183956,0.8856061701252138,0.3758297855452668,0.8978155988025818,False,Not significant
Gene0333,104.59590877892606,0.12813292083436026,0.2770644495617164,0.8879851385143476,0.3745487455113602,0.8978155988025818,False,Not significant
Gene0541,90.79954776457386,-0.13067377753961582,0.2289753261329552,-0.8905204916092404,0.3731864703400751,0.8978155988025818,False,Not significant
Gene0947,30.961214289630572,-0.13047721647014138,0.26448644585180764,-0.8789416549353405,0.37943291161071835,0.9005120444691472,False,Not significant
Gene0774,52.74201317149353,-0.12937987022568775,0.24777285935031595,-0.8784674143908691,0.37969011379538364,0.9005120444691472,False,Not significant
Gene0973,378.4669463850127,-0.12893045715846546,0.2567247238112712,-0.8793715732443994,0.3791998400156673,0.9005120444691472,False,Not significant
Gene0208,86.2383836215501,-0.12651533036050813,0.2106153977976136,-0.875356054666172,0.38138020298125697,0.9023565089676152,False,Not significant
Gene0496,66.2053002759181,0.12547673581394014,0.20787350457199646,0.866310679196806,0.38631981147760597,0.9101640686373108,False,Not significant
Gene0391,46.60943576067532,0.12495920266557564,0.3179815044952655,0.8653961842758982,0.3868213746016056,0.9101640686373108,False,Not significant
Gene0435,53.220514443959246,-0.1267111811287696,0.22292217533710484,-0.8636629192401736,0.38777308915928776,0.9101640686373108,False,Not significant
Gene0800,46.32459562408284,-0.12610185352257214,0.26216915750519326,-0.8625931275054479,0.3883612102780032,0.9101640686373108,False,Not significant
Gene0616,141.92783850765878,-0.12543929463326348,0.21696669732107177,-0.8598613773892348,0.38986546090039786,0.9115294109467931,False,Not significant
Gene0488,67.98422330901754,0.12259843812082706,0.2676100936999562,0.8479448934378172,0.39646866109879475,0.9118779205272278,False,Not significant
Gene0780,214.98276640562952,-0.12435216908786886,0.22682340233122641,-0.8488097966263437,0.3959871380211555,0.9118779205272278,False,Not significant
Gene0924,108.69504350359523,0.12645847806212157,0.2813252989411567,0.8576707824123659,0.39107427789474725,0.9118779205272278,False,Not significant
Gene0737,79.37528347730644,-0.12310387439488113,0.278696945399713,-0.8510666214815182,0.39473234579385574,0.9118779205272278,False,Not significant
Gene0809,30.504001875647177,0.12625524971649435,0.2776705323736422,0.8545554405730005,0.3927973048391573,0.9118779205272278,False,Not significant
Gene0671,29.542717695190877,0.11755600892732171,0.27717925658126297,0.8483814239730175,0.39622558450348555,0.9118779205272278,False,Not significant
Gene0661,13.380651445556964,-0.11739083358513339,0.29854642315331625,-0.8561536535886521,0.3919127943812639,0.9118779205272278,False,Not significant
Gene0132,19.062063814611413,-0.12323500920975963,0.26900731691980895,-0.8398183777873575,0.4010102276151666,0.9188628865406241,False,Not significant
Gene0740,445.4787669412938,0.12144198897709689,0.28152780531914673,0.839188092118118,0.40136376843837174,0.9188628865406241,False,Not significant
Gene0714,92.87765168160615,-0.12410792108478304,0.2533729310159546,-0.8369638749431833,0.4026128742331482,0.9195938397611629,False,Not significant
Gene0873,150.65500998774039,0.12108822417108753,0.27715778692359877,0.8306598120348155,0.4061658353710944,0.9225955928377607,False,Not significant
Gene0875,44.05363049942528,0.1233785796682567,0.2640120853073932,0.8296695169600354,0.4067256607454638,0.9225955928377607,False,Not significant
Gene0654,193.37343794677201,0.1218004134790682,0.2516484689796553,0.8312488258932069,0.4058330772660188,0.9225955928377607,False,Not significant
Gene0215,176.3813429604281,0.12063033902378241,0.27233819719790325,0.8270040654141715,0.40823475722450675,0.9238997137186206,False,Not significant
Gene0745,137.01231101317813,0.11394707405023066,0.22309710832009302,0.7819027896604354,0.434271705439504,0.9243580566431732,False,Not significant
Gene0925,61.04630513758446,-0.11321489860810377,0.24443517014826177,-0.7858636668899552,0.4319473623408734,0.9243580566431732,False,Not significant
Gene0641,195.94426360158548,0.11886865403366247,0.22900994317131623,0.8053889246870705,0.4205952808802291,0.9243580566431732,False,Not significant
Gene0608,37.195389938748086,0.11841808643073544,0.23565889986966587,0.8019200296766357,0.422599219017051,0.9243580566431732,False,Not significant
Gene0781,143.94136812509933,-0.11876427300773111,0.2516941343861217,-0.8218364807554535,0.4111699680815205,0.9243580566431732,False,Not significant
Gene0292,234.0814261386198,0.11712931253401018,0.247839055225771,0.793349049735265,0.42757448670615483,0.9243580566431732,False,Not significant
Gene0628,50.7490945701295,0.11170466702543157,0.24924243200051743,0.7744127557208422,0.4386867427925666,0.9243580566431732,False,Not significant
Gene0629,106.80933854985564,-0.11779009657078605,0.24939688947668567,-0.8065324818403838,0.4199358868390225,0.9243580566431732,False,Not significant
Gene0637,121.93042147999869,-0.11029199181135926,0.20507044377083258,-0.7700857084998091,0.4412490529799734,0.9243580566431732,False,Not significant
Gene0173,29.40360769152851,-0.11237291002769502,0.2758858847018481,-0.7739823109760333,0.43894125191970634,0.9243580566431732,False,Not significant
Gene0856,260.92714585720324,0.10583697579476473,0.26348031395867777,0.7775111061351169,0.4368572845613329,0.9243580566431732,False,Not significant
Gene0141,176.16493797363646,0.11989395900171793,0.22188056763896416,0.817944188167303,0.41338905696430817,0.9243580566431732,False,Not significant
Gene0108,89.78536718820608,0.11179595216566891,0.2741335363572156,0.7686783373180304,0.4420842879597785,0.9243580566431732,False,Not significant
Gene0864,728.2955293684837,0.10968182283764207,0.20984159283899073,0.7737916959404664,0.4390539839933024,0.9243580566431732,False,Not significant
Gene0796,68.91163197381955,-0.11127307972217743,0.21585506080494382,-0.7709237734995108,0.44075211485552057,0.9243580566431732,False,Not significant
Gene0495,18.056423407475453,0.11554909016587449,0.2700394853789688,0.8009414174430539,0.42316556122921667,0.9243580566431732,False,Not significant
Gene0586,31.297962032355553,-0.11761547510191822,0.2808413589441315,-0.8164864647893867,0.41422196175647596,0.9243580566431732,False,Not significant
Gene0957,75.33307015365195,-0.11221931398632651,0.22140688219252933,-0.7709675739018997,0.44072615184025,0.9243580566431732,False,Not significant
Gene0607,221.2873130648729,0.11571800917781448,0.2364995499698839,0.7895103853541229,0.42981376227709756,0.9243580566431732,False,Not significant
Gene0553,29.92108915001361,-0.10801626767714136,0.28486423838544656,-0.7708168367279186,0.4408155061076955,0.9243580566431732,False,Not significant
Gene0844,46.09794322474739,0.11601538644987625,0.2633759518530261,0.7852289297529499,0.4323193564815354,0.9243580566431732,False,Not significant
Gene0877,67.88132732246525,-0.11548566907893032,0.24291344036847867,-0.7864845076609301,0.4315836917691649,0.9243580566431732,False,Not significant
Gene0920,139.8872448079117,-0.11394009957723929,0.2610698595215487,-0.8016912385543962,0.4227315851697403,0.9243580566431732,False,Not significant
Gene0922,212.1016424342205,-0.11558497523696364,0.21229173691328768,-0.8011684573502803,0.4230341291848706,0.9243580566431732,False,Not significant
Gene0443,162.28785553859947,-0.11343227341283746,0.248127176726852,-0.7829535009416704,0.43365441826479734,0.9243580566431732,False,Not significant
Gene0900,57.813560679815936,-0.11985377979000736,0.2725827764121926,-0.8239777819430049,0.40995218240775877,0.9243580566431732,False,Not significant
Gene0679,31.500392641537065,-0.1175307122440682,0.2584457180288249,-0.8103015274078352,0.4177668977099551,0.9243580566431732,False,Not significant
Gene0425,117.28551314004267,0.11451961575354287,0.26243017882676783,0.7761292563773448,0.4376726709550379,0.9243580566431732,False,Not significant
Gene0316,330.9443154569896,-0.11702181265569714,0.2543697847314708,-0.7968663806046925,0.4255286379467973,0.9243580566431732,False,Not significant
Gene0613,48.635764452016836,0.11531975321265223,0.2459993397628343,0.7787987334215822,0.4360982839586518,0.9243580566431732,False,Not significant
Gene0611,273.68776926293805,-0.11454563238406112,0.23051722460903876,-0.78483748547211,0.4325488588293167,0.9243580566431732,False,Not significant
Gene0587,53.0766184434573,-0.10770375787745103,0.24833279400370584,-0.7760018953739517,0.43774786675354826,0.9243580566431732,False,Not significant
Gene0825,79.42317360232475,-0.12040459631383443,0.22960937840577433,-0.8185857280789164,0.41302281241820304,0.9243580566431732,False,Not significant
Gene0200,106.62863893917425,0.10823734592493656,0.25702060548249983,0.7858620722560267,0.43194829665985246,0.9243580566431732,False,Not significant
Gene0514,138.07572318785947,0.10138379279011003,0.3807073810617257,0.7802601572633335,0.43523775952676635,0.9243580566431732,False,Not significant
Gene0605,138.37115098981155,-0.10079248706003036,0.3254319877908942,-0.7813176539950651,0.43461568942391093,0.9243580566431732,False,Not significant
Gene0638,286.5100312212107,-0.1070245318232895,0.19567700756823395,-0.7622671499558326,0.44590057574936126,0.9275110865265174,False,Not significant
Gene0456,198.9599019305856,-0.11140748452824681,0.23252947156515502,-0.761420845829269,0.44640574033025504,0.9275110865265174,False,Not significant
Gene0996,364.4859298619976,0.11201910285158626,0.26258375325100136,0.7614788255270908,0.44637112146981817,0.9275110865265174,False,Not significant
Gene0631,40.16229756466635,-0.110021783708696,0.253977654868643,-0.7513492524387412,0.4524424951934807,0.9341662374662889,False,Not significant
Gene0357,228.94634961066052,0.1097897771976368,0.23949719077438275,0.7515133479094745,0.4523437707525273,0.9341662374662889,False,Not significant
Gene0303,37.08036960387741,0.10709946304528177,0.2817659287674838,0.7539051353672546,0.45090618676294725,0.9341662374662889,False,Not significant
Gene0118,32.12672917517956,-0.10832463070383941,0.27399559938294626,-0.7467423361881464,0.4552191090977614,0.9379410393701794,False,Not significant
Gene0462,69.27977242019679,-0.10171916470549132,0.2560106838074008,-0.7061461643703622,0.48009724555404254,0.9395608061491059,False,Not significant
Gene0267,173.63433380740184,0.09958331618449844,0.21855490995201768,0.6861108384730589,0.4926432167274174,0.9395608061491059,False,Not significant
Gene0507,111.93498208770065,-0.09942949886995855,0.2463806224392745,-0.6822722717990589,0.49506680285380933,0.9395608061491059,False,Not significant
Gene0543,164.68768604986215,-0.10440359073572829,0.2234856617650913,-0.7205090386773464,0.47121163660290455,0.9395608061491059,False,Not significant
Gene0772,248.9993321056576,0.0930197210121382,0.25735524579290353,0.6438568648923984,0.5196682552550319,0.9395608061491059,False,Not significant
Gene0609,495.1797366311539,0.1026965029305252,0.24166979846130338,0.7020210255988282,0.48266605128879914,0.9395608061491059,False,Not significant
Gene0777,81.79364036145095,0.09124635018406903,0.3107277062226212,0.6510674952523583,0.5150029179933572,0.9395608061491059,False,Not significant
Gene0259,21.755733401254904,0.09527868370083574,0.26373999454393793,0.6542895989763262,0.5129252455848172,0.9395608061491059,False,Not significant
Gene0256,378.6412141148688,-0.10018636273704672,0.21554764637564547,-0.7008882008837342,0.48337278848034804,0.9395608061491059,False,Not significant
Gene0627,273.39316918808447,0.09004275366716141,0.26527258461639713,0.6548952894755768,0.5125351732745437,0.9395608061491059,False,Not significant
Gene0284,123.64296142570525,0.09340537361819126,0.28230843959693264,0.6488608654865871,0.5164283118568721,0.9395608061491059,False,Not significant
Gene0768,97.92161267317806,-0.09120689113806756,0.20621922332398676,-0.6433218991341991,0.5200152493406703,0.9395608061491059,False,Not significant
Gene0274,109.53931822779776,0.09877839356253668,0.24929067181540882,0.674283133763864,0.5001313248729947,0.9395608061491059,False,Not significant
Gene0278,197.39443922561603,-0.0930529349416964,0.19647282637831268,-0.663010150723183,0.5073240530140192,0.9395608061491059,False,Not significant
Gene0677,67.07242936542897,-0.09822156377694714,0.26571895890771025,-0.6823592660047163,0.49501180617722107,0.9395608061491059,False,Not significant
Gene0429,49.96238109454598,-0.092872695967387,0.24350779614662407,-0.6411454972292415,0.5214281566185027,0.9395608061491059,False,Not significant
Gene0672,25.98297740753375,0.09400423916381818,0.24691219589187488,0.6577063065245119,0.5107268691682958,0.9395608061491059,False,Not significant
Gene0254,42.418963415688616,-0.09523655244127908,0.24137901195240363,-0.6555442304353578,0.5121174187860247,0.9395608061491059,False,Not significant
Gene0402,56.49243767170108,0.09120126998637292,0.2673360135606956,0.6476986858222179,0.5171798544032958,0.9395608061491059,False,Not significant
Gene0710,172.2022236837594,0.1050128502090125,0.23292818850424526,0.7181258398025318,0.4726796989414481,0.9395608061491059,False,Not significant
Gene0711,9.47406134167858,0.09744326111563094,0.3052079771145127,0.7036384117418049,0.48165798378077707,0.9395608061491059,False,Not significant
Gene0887,148.89653339815965,-0.09471388809297375,0.22929699386045688,-0.652532068045314,0.514057992587957,0.9395608061491059,False,Not significant
Gene0375,148.42458757255784,-0.10549932439158514,0.23303580881319422,-0.72318776185947,0.4695645365398422,0.9395608061491059,False,Not significant
Gene0384,35.182175292136044,0.10229355091511043,0.25285662528851777,0.6979207796841246,0.4852267383580453,0.9395608061491059,False,Not significant
Gene0374,101.01958389567638,-0.09702947514512185,0.25272864479038926,-0.6685941975407812,0.5037543749763822,0.9395608061491059,False,Not significant
Gene0994,132.95424955576036,-0.09767262730767705,0.2688561633294684,-0.678185113685854,0.4976543299406053,0.9395608061491059,False,Not significant
Gene0706,158.9509787478025,0.10334222726245042,0.23145525805316317,0.7086127756038493,0.47856480606672047,0.9395608061491059,False,Not significant
Gene0329,36.264644400638325,-0.09694176872069174,0.273277418490836,-0.671657891680505,0.501801514132032,0.9395608061491059,False,Not significant
Gene0730,58.07389826207108,0.08459196193212888,0.2516265073319688,0.6421258695238343,0.5207914602771954,0.9395608061491059,False,Not significant
Gene0346,83.3028136492431,-0.0934934483447454,0.26189046027910834,-0.6819666653284727,0.49526002941469427,0.9395608061491059,False,Not significant
Gene0326,87.78008345828833,-0.10117492138096397,0.20105089709598659,-0.7135560230467933,0.47550175921157334,0.9395608061491059,False,Not significant
Gene0716,71.77405975554372,-0.10604240934035214,0.22842111961949374,-0.7273148764567373,0.46703308697030343,0.9395608061491059,False,Not significant
Gene0457,82.68529437154433,-0.0943020925452774,0.22643597643326646,-0.6535498831118576,0.5134018416296764,0.9395608061491059,False,Not significant
Gene0770,17.13791155479026,-0.09762475574955824,0.2980822943500499,-0.6904182636840754,0.4899311946217022,0.9395608061491059,False,Not significant
Gene0669,91.72741615288294,-0.09143765442244782,0.24872520438653448,-0.6761353392646865,0.49895472136527375,0.9395608061491059,False,Not significant
Gene0889,81.62946290549822,0.09291316723324096,0.2842696013157562,0.6665680046212424,0.505048111954099,0.9395608061491059,False,Not significant
Gene0383,88.43053540087861,0.09418153892177082,0.2231352100852299,0.6482403024069155,0.516829538702424,0.9395608061491059,False,Not significant
Gene0312,226.09772838299304,-0.10025911990853194,0.23502466381522316,-0.6906201297687459,0.4898042939336993,0.9395608061491059,False,Not significant
Gene0311,254.50740075689336,-0.1008120353251726,0.2594145091522087,-0.727817055918056,0.46672558236205564,0.9395608061491059,False,Not significant
Gene0310,48.130435929277915,0.09469443120893407,0.2685149787705737,0.6603968098071086,0.5089992188831807,0.9395608061491059,False,Not significant
Gene0951,455.2834095312182,-0.09184964497602625,0.2503702913049178,-0.6617934133412591,0.5081036279604411,0.9395608061491059,False,Not significant
Gene0949,83.31073276772973,0.10832109627195005,0.24655858254482918,0.7356388057846664,0.46195053984340917,0.9395608061491059,False,Not significant
Gene0936,305.4442331335708,-0.09868606192542116,0.253873629835512,-0.6844623368726193,0.4936832643344019,0.9395608061491059,False,Not significant
Gene0415,36.83513417031948,0.09599133175096256,0.2423333244847423,0.6641870899062422,0.5065705752665616,0.9395608061491059,False,Not significant
Gene0322,211.09820180968038,0.1019513731224036,0.25661355382819095,0.7064098958304108,0.47993326863068875,0.9395608061491059,False,Not significant
Gene0739,7.829116687245892,-0.09108935588602389,0.30246969182259625,-0.6751922585101875,0.499553624430502,0.9395608061491059,False,Not significant
Gene0804,42.59203429659238,0.10653542350152354,0.2508904847381325,0.7266978608354149,0.46741106416096134,0.9395608061491059,False,Not significant
Gene0223,496.1866530937164,-0.09281043293263169,0.24508546582295107,-0.6461726893118687,0.518167524393617,0.9395608061491059,False,Not significant
Gene0224,110.94169022525672,-0.0990010388244758,0.2433982075401716,-0.683955825009675,0.4940030609934283,0.9395608061491059,False,Not significant
Gene0935,15.068199108171532,0.10420608029499895,0.26543752246648034,0.7185370201047534,0.47242623021910624,0.9395608061491059,False,Not significant
Gene0549,211.54752280551793,-0.09964338538090484,0.25064184529067596,-0.695392279546841,0.48680949754675207,0.9395608061491059,False,Not significant
Gene0505,34.671218186960694,0.09646952726320179,0.27551696656066815,0.6673044200530794,0.5045777036338338,0.9395608061491059,False,Not significant
Gene0838,170.8407028741169,0.10382847708876712,0.22384943092008777,0.7143285877060644,0.4750240187899206,0.9395608061491059,False,Not significant
Gene0840,23.617585284028348,0.10411127176221938,0.28632921395529526,0.7316115829504976,0.4644056764102774,0.9395608061491059,False,Not significant
Gene0878,101.59709804634038,-0.09780241625040392,0.23159359618134456,-0.672387909459602,0.5013367778382811,0.9395608061491059,False,Not significant
Gene0539,100.20201095665978,-0.09243730215412951,0.23875586543617974,-0.6813104371438216,0.49567508051727593,0.9395608061491059,False,Not significant
Gene0183,36.05109396809371,0.09230613439173911,0.2696041367674099,0.6429630285138072,0.520248090025703,0.9395608061491059,False,Not significant
Gene0558,33.55842609801147,0.09372289321784096,0.23900758804562294,0.6469274760133675,0.5176788822916893,0.9395608061491059,False,Not significant
Gene0593,70.93429970675452,0.09874859896920786,0.2996890547340484,0.6952872296868832,0.486875315658444,0.9395608061491059,False,Not significant
Gene0601,157.2823407583182,0.09952793405758567,0.21565690471516819,0.6934643881893943,0.4880181669121272,0.9395608061491059,False,Not significant
Gene0201,110.80202205545396,-0.1024965934223855,0.29334354411916264,-0.7370917546461431,0.46106655301551225,0.9395608061491059,False,Not significant
Gene0615,93.26524397656446,0.09274298173077423,0.26623394728422534,0.6409487230601687,0.5215559985600193,0.9395608061491059,False,Not significant
Gene0525,25.365578933155344,0.10332648358280239,0.26126975548956904,0.7080956424439604,0.47888586548288115,0.9395608061491059,False,Not significant
Gene0526,90.00359572504873,0.10512407724019725,0.24828793212337755,0.7177108451314291,0.47293559490003045,0.9395608061491059,False,Not significant
Gene0512,164.28960909419854,-0.09922142229612468,0.21669906705641845,-0.695414365894307,0.48679566014202846,0.9395608061491059,False,Not significant
Gene0186,128.55146595786576,0.09477737022695858,0.22249952648576152,0.6535372414510938,0.5134099886057386,0.9395608061491059,False,Not significant
Gene0018,264.40015595468225,0.09972553960034858,0.3138242033933424,0.7194266940668598,0.4718780543102987,0.9395608061491059,False,Not significant
Gene0972,69.9641149593322,0.10226092387039275,0.28477842284248145,0.7098592080573811,0.47779144852324396,0.9395608061491059,False,Not significant
Gene0137,32.148084685823655,0.10116597674466896,0.2816613090079884,0.7090792743961456,0.4782752836488038,0.9395608061491059,False,Not significant
Gene0829,44.81759495327096,0.09326889491111161,0.24665121494255018,0.6387752342924163,0.5229691615662426,0.9403936377982072,False,Not significant
Gene0269,11.382923888377034,-0.08405477039249078,0.3222637600547261,-0.6357745470168102,0.5249233796098252,0.9404630917914378,False,Not significant
Gene0364,25.2382924681484,-0.08765058398065827,0.26335034753482683,-0.6343375499028439,0.5258605558752933,0.9404630917914378,False,Not significant
Gene0202,37.32173155043325,-0.09092649667784514,0.24996247202902971,-0.6350762857610701,0.5253786626218196,0.9404630917914378,False,Not significant
Gene0999,13.724299868549439,-0.07600617382564348,0.2826702464413193,-0.56311506352674,0.573356534710727,0.9409921856535215,False,Not significant
Gene0998,34.70354311686024,-0.08399188389768772,0.23971460709644257,-0.6066357848043548,0.5440926465292241,0.9409921856535215,False,Not significant
Gene0144,32.031813151019584,-0.08918247214420877,0.2446635527944887,-0.6153009352359683,0.5383560000528969,0.9409921856535215,False,Not significant
Gene0521,54.24666850531451,0.08331502305856277,0.2850642693529236,0.5908923838076394,0.5545925293945315,0.9409921856535215,False,Not significant
Gene0860,37.575818913525296,0.0814362004691555,0.27197810969858893,0.5682408135184188,0.5698714617068265,0.9409921856535215,False,Not significant
Gene0602,39.15942809052624,0.08862167126144711,0.2533591324126828,0.6115881242237388,0.5408102973049441,0.9409921856535215,False,Not significant
Gene0836,16.075040539758458,0.08392661044403191,0.3128693121340645,0.6129581152629106,0.5399040349039426,0.9409921856535215,False,Not significant
Gene0150,84.78748555143524,0.09088395150097342,0.2527300749432104,0.6268966820931722,0.5307269623157083,0.9409921856535215,False,Not significant
Gene0148,99.96271623858824,-0.05570621141626972,0.5233668513561038,-0.5746410679481893,0.565534071346677,0.9409921856535215,False,Not significant
Gene0518,32.04287023276631,0.08490151891845514,0.316383263523928,0.6145571662614745,0.5388472093150121,0.9409921856535215,False,Not significant
Gene0510,31.136464131734147,0.08009251601093104,0.2715076229769125,0.5625676725380827,0.5737293103630672,0.9409921856535215,False,Not significant
Gene0604,8.228738375877429,0.07133105637280202,0.29785745262571695,0.5809319577088113,0.5612863128181511,0.9409921856535215,False,Not significant
Gene0591,43.568325380722854,0.08411666746402914,0.23257844984950302,0.5814248870546592,0.5609541283935768,0.9409921856535215,False,Not significant
Gene0872,293.14458520362894,-0.08957215730800586,0.23946283629099377,-0.6209778353185077,0.5346142067417875,0.9409921856535215,False,Not significant
Gene0882,35.44571239776429,-0.08777704065164779,0.30436988946363297,-0.6284427452347662,0.5297139425435311,0.9409921856535215,False,Not significant
Gene0180,87.16828847510995,-0.08167379426581396,0.265885490562451,-0.5828452525456355,0.5599974785091467,0.9409921856535215,False,Not significant
Gene0196,62.08988132815591,-0.07393465290445252,0.3379460500332226,-0.5680473219099617,0.5700028358030544,0.9409921856535215,False,Not significant
Gene0472,34.4808886213328,0.08491604431457332,0.2687723255629838,0.5893129513422543,0.5556513583980929,0.9409921856535215,False,Not significant
Gene0821,513.116144243979,-0.08879481513096654,0.2724595488021495,-0.6208538723097582,0.5346957736467096,0.9409921856535215,False,Not significant
Gene0397,195.27250833053859,0.07775551902169918,0.2496703942954664,0.5856869948665768,0.55808587517586,0.9409921856535215,False,Not significant
Gene0277,59.93004920528904,-0.08430376050443163,0.25860164803633084,-0.6089478562746488,0.542559002040863,0.9409921856535215,False,Not significant
Gene0899,71.1541162188803,-0.08389765160958212,0.25032930722313607,-0.5861817346620507,0.5577533947265163,0.9409921856535215,False,Not significant
Gene0766,547.8376113927907,0.0845211855111835,0.21795816287359776,0.5894807169755818,0.5555388438760382,0.9409921856535215,False,Not significant
Gene0779,267.8760608152674,-0.08264979978494207,0.2363901771092182,-0.572040125819452,0.5672947907452461,0.9409921856535215,False,Not significant
Gene0431,58.144047070677026,-0.08813753652403498,0.27807157599484006,-0.6304337086269277,0.5284108622150425,0.9409921856535215,False,Not significant
Gene0410,94.09862494007145,-0.08906392712033918,0.22689305691061637,-0.6164240018928016,0.5376147161893423,0.9409921856535215,False,Not significant
Gene0414,710.0989376063794,-0.08456164763332685,0.23987994833751564,-0.5882003551780979,0.5563978190199825,0.9409921856535215,False,Not significant
Gene0663,33.399743743938956,-0.08721396930096119,0.25090886749768526,-0.612710209116405,0.5400679708901482,0.9409921856535215,False,Not significant
Gene0967,74.18765276761827,-0.08698446601207552,0.2295134819011488,-0.6029621175683373,0.546533890699169,0.9409921856535215,False,Not significant
Gene0445,461.61805412707037,0.08810603811885138,0.22266846355951686,0.613587697616502,0.539487815107773,0.9409921856535215,False,Not significant
Gene0216,31.155721782915744,-0.08138995977405515,0.2608136045368951,-0.5700879324165414,0.5686180595465876,0.9409921856535215,False,Not significant
Gene0805,61.08196913078864,-0.08567366426850129,0.2524748856303782,-0.5979897852227859,0.5498467488927609,0.9409921856535215,False,Not significant
Gene0236,110.85714607124088,-0.08531268154058899,0.24675920638159946,-0.5944832021488338,0.5521889740960353,0.9409921856535215,False,Not significant
Gene0377,37.95252546595989,-0.07867886106234341,0.27898903977857553,-0.5672490157878043,0.5705450106488709,0.9409921856535215,False,Not significant
Gene0389,14.782263110934444,0.07896885274133765,0.2700059559036071,0.5883660404279365,0.5562866268473438,0.9409921856535215,False,Not significant
Gene0116,25.788376707963724,0.08870835316285582,0.26863873501221364,0.6143238480455364,0.5390013465486273,0.9409921856535215,False,Not significant
Gene0556,97.37217402798245,0.08432804748448547,0.2648966947273842,0.6194844001677576,0.535597295575619,0.9409921856535215,False,Not significant
Gene0986,141.20923322011336,-0.08517130233576661,0.2039957475166842,-0.6000540043231178,0.5484702449450107,0.9409921856535215,False,Not significant
Gene0988,68.44744457771715,-0.08107367191623421,0.24482808942245385,-0.5641942887823839,0.5726219142219386,0.9409921856535215,False,Not significant
Gene0987,396.10161300719955,0.08357958734690424,0.24220528563527227,0.5804138241294177,0.5616355848994723,0.9409921856535215,False,Not significant
Gene0937,69.29266848617742,0.08249941900010765,0.2726897064998791,0.573905984677065,0.5660314230247376,0.9409921856535215,False,Not significant
Gene0724,330.85500646650297,-0.08210190834768183,0.264144869806521,-0.6001471182300188,0.5484081930001639,0.9409921856535215,False,Not significant
Gene0948,78.68066454404429,0.08295173536019693,0.25417347064945967,0.5790531202775869,0.5625533307763317,0.9409921856535215,False,Not significant
Gene0704,63.299715150006875,0.08250378649928945,0.2388539352393369,0.567990974584667,0.5700410963991611,0.9409921856535215,False,Not significant
Gene0354,96.33376652604171,0.08083436457025665,0.23452547825801712,0.5650139685917259,0.5720642631181423,0.9409921856535215,False,Not significant
Gene0891,35.318591559823766,-0.07908171416036774,0.2970993192575893,-0.5761044767097077,0.5645445657356201,0.9409921856535215,False,Not significant
Gene0895,22.985177274743666,0.08849438970589979,0.2796146173488986,0.6194177479750741,0.5356411921715314,0.9409921856535215,False,Not significant
Gene0896,87.22195636989646,0.08131643964834412,0.22027827353389817,0.5638241340319771,0.5728738254134416,0.9409921856535215,False,Not significant
Gene0980,52.166685158438845,-0.08486376357305302,0.23798736145625626,-0.5950969456752498,0.5517786701763328,0.9409921856535215,False,Not significant
Gene0968,176.50039526482672,0.08333259450284952,0.26353115334116484,0.5775596774260183,0.5635614369883866,0.9409921856535215,False,Not significant
Gene0555,8.572499725572117,0.07482323539454488,0.302898292002983,0.5608563375803582,0.5748954771486324,0.9410532542988463,False,Not significant
Gene0461,39.86290542083466,0.08129393867771591,0.23099918415301357,0.5597212518844226,0.5756695842778585,0.9410532542988463,False,Not significant
Gene0174,402.3701594702604,0.07892671749007023,0.1993343356091503,0.5570185753579698,0.577514737914206,0.9425116762329204,False,Not significant
Gene0481,92.44133861744865,0.07917768374751981,0.27846717783859354,0.5525551387708303,0.580568068068734,0.9443828038647377,False,Not significant
Gene0769,82.481937254907,0.07789410365547643,0.27536418532041834,0.5511572064659288,0.5815259125921388,0.9443828038647377,False,Not significant
Gene0910,11.66811340921584,0.07534583018755496,0.29818859524391406,0.5512983953894735,0.5814291382905723,0.9443828038647377,False,Not significant
Gene0155,24.079407639243612,0.07936815702232233,0.25121410930918314,0.5485404408820667,0.5833208688073759,0.945744818443434,False,Not significant
Gene0794,69.37829947342621,0.07781981606353436,0.22602465949789544,0.545011663376606,0.5857454959410705,0.9481215965396378,False,Not significant
Gene0175,199.4182176297082,0.07762224294634774,0.2557542870608262,0.5403147632915687,0.5889799787837932,0.9517993447992997,False,Not significant
Gene0897,16.770359706148415,-0.07527591580192887,0.28537564325526027,-0.5358766367178306,0.5920438123082379,0.9551897722232419,False,Not significant
Gene0345,135.30439191411392,0.07537212507085178,0.23756878343298737,0.5341223240472677,0.5932569055228151,0.9555880774626452,False,Not significant
Gene0721,276.5090847725562,-0.07221058519435175,0.19148876006701626,-0.5275854726152862,0.5977870781897785,0.9586879509682956,False,Not significant
Gene0428,321.1544985577007,-0.07441055750475381,0.2502845841774834,-0.5257544873430299,0.5990588005039501,0.9586879509682956,False,Not significant
Gene0367,6.58609062348366,0.06622267027329036,0.30313299256152926,0.5260470358122556,0.5988555268340012,0.9586879509682956,False,Not significant
Gene0944,119.23012265360683,-0.07489761319467461,0.2673394324418759,-0.5257790283804586,0.5990417472672942,0.9586879509682956,False,Not significant
Gene0120,113.82869470357303,0.07546305924551502,0.2255714439373935,0.5240828776848366,0.600220897096124,0.9589959082844373,False,Not significant
Gene0547,321.3980596326168,0.07467039367171384,0.25360924907185867,0.5192878318698747,0.6035600374954666,0.9597594175582239,False,Not significant
Gene0111,94.725648493679,0.07175864753354774,0.29524860465447017,0.5215235753841183,0.6020020868191525,0.9597594175582239,False,Not significant
Gene0536,73.68529614546703,0.07311077615240513,0.2902042204742088,0.5169851957688384,0.605166493253398,0.9597594175582239,False,Not significant
Gene0584,17.339391439658897,0.06930324536597106,0.2581044741356601,0.5151217225691855,0.6064679640578181,0.9597594175582239,False,Not significant
Gene0791,30.002474147077745,-0.06627385587524093,0.35887731568401554,-0.5166900855617468,0.6053725181340227,0.9597594175582239,False,Not significant
Gene0817,12.285877176376156,0.07122549016466545,0.28858364956058785,0.5150452915485851,0.6065213710555004,0.9597594175582239,False,Not significant
Gene0508,191.26315512760286,-0.06396009762678799,0.3625769867974277,-0.5124458381727921,0.6083390172607701,0.961097904266616,False,Not significant
Gene0914,50.674275180235206,0.0708513232162718,0.21607621289150383,0.4943708268934429,0.621044313100798,0.9629050113694225,False,Not significant
Gene0482,256.85791052286135,-0.07120692258072,0.24231268279333573,-0.5025475805774768,0.615282391809967,0.9629050113694225,False,Not significant
Gene0379,126.06561312342764,-0.07024512864026733,0.2624046540606133,-0.4942826726725476,0.6211065605134174,0.9629050113694225,False,Not significant
Gene0929,428.12269278239233,0.07021681202334965,0.23804328761319396,0.4914425790179796,0.6231134552845605,0.9629050113694225,False,Not significant
Gene0943,33.75130057614238,-0.07274525172593739,0.22926229141544,-0.5057319764723075,0.613044817295515,0.9629050113694225,False,Not significant
Gene0321,393.7322900930903,0.0716164232951919,0.23801607219166726,0.4937080553515191,0.6215123754432035,0.9629050113694225,False,Not significant
Gene0867,46.41739588531646,-0.07150799937234345,0.22837853469246502,-0.4976515452692257,0.6187296661374166,0.9629050113694225,False,Not significant
Gene0758,98.0690738495894,0.06960109756438503,0.23786756182123817,0.4917023371730912,0.62292978578767,0.9629050113694225,False,Not significant
Gene0520,29.346236650674083,0.06481471020938648,0.2512180775255097,0.4967442216860549,0.6193694336843091,0.9629050113694225,False,Not significant
Gene0524,468.1696093934463,0.0722958710066344,0.2071369910534458,0.5089236667079127,0.6108057302725207,0.9629050113694225,False,Not significant
Gene0620,74.8501928341048,-0.072341229982709,0.23188875222578884,-0.5051204768353635,0.6134742199906219,0.9629050113694225,False,Not significant
Gene0418,100.92618453496014,-0.07199954557827624,0.23045336461025373,-0.5010893912330096,0.61630821271572,0.9629050113694225,False,Not significant
Gene0209,49.15739886711396,0.06254387350226819,0.24142994796826991,0.5016844656821303,0.6158894934301373,0.9629050113694225,False,Not significant
Gene0447,13.758562510893109,0.06754579309662354,0.3288807479843516,0.5078319567166704,0.6115711965460682,0.9629050113694225,False,Not significant
Gene0264,54.203686608249065,0.07011917039826546,0.252921110506835,0.4875003830298426,0.625903771463026,0.9657080030841384,False,Not significant
Gene0327,55.525606520312785,-0.06581143869263395,0.27249219920219336,-0.48458771959336316,0.6279688265453731,0.9673849991485576,False,Not significant
Gene0698,43.800251852366905,0.06952760288122577,0.2333827372140853,0.48294816683718295,0.6291325402317143,0.9676704234668203,False,Not significant
Gene0123,30.734100869644895,-0.06649565109663029,0.2885865857713527,-0.4792775221256479,0.6317412108467964,0.9691948601553396,False,Not significant
Gene0502,640.646117765877,0.06688361768778699,0.28501724183088656,0.478796222267358,0.6320836044491345,0.9691948601553396,False,Not significant
Gene0813,29.39862615261555,0.0682190984318774,0.25110018813791024,0.47543456909973103,0.6344772597219044,0.9713591483977762,False,Not significant
Gene0417,48.17755844244254,0.06744805687425348,0.23172558545553545,0.4678722640499141,0.6398759391126444,0.9725091189517896,False,Not significant
Gene0901,46.44624197175639,-0.06670659067056338,0.24170907077882897,-0.4659450135643342,0.6412548597635941,0.9725091189517896,False,Not significant
Gene0184,183.73935382366892,-0.0666608322536305,0.2637679414006314,-0.47081069361022865,0.637775927382618,0.9725091189517896,False,Not significant
Gene0117,116.63818198007705,0.06702161667910785,0.21549781375637034,0.46928488604211643,0.6388660170234772,0.9725091189517896,False,Not significant
Gene0974,33.67527741424457,-0.06360309958783562,0.265390168399296,-0.46474834470335086,0.6421116831906154,0.9725091189517896,False,Not significant
Gene0689,48.41601238785097,0.06734433641288971,0.23920654188377838,0.4666498968237296,0.6407503817933209,0.9725091189517896,False,Not significant
Gene0235,69.27504477726315,-0.06725075061325213,0.24069143492977885,-0.46868288184070295,0.6392963245445027,0.9725091189517896,False,Not significant
Gene0210,22.16868876934143,0.0647957041241991,0.27176857861020026,0.46156156378375846,0.6443957632657343,0.972988412014979,False,Not significant
Gene0474,20.317874140791023,0.06603959220838439,0.26635049111953796,0.4625285848457039,0.6437023084613691,0.972988412014979,False,Not significant
Gene0756,194.80136083388382,-0.06559780662457257,0.2282197707797025,-0.45976970433768183,0.6456815310097933,0.9734436496473865,False,Not significant
Gene0835,58.0585813773428,-0.06442033105359461,0.20594703848389465,-0.45758088171468086,0.6472535814210261,0.9743284505713771,False,Not significant
Gene0427,67.28968560167921,-0.061156164218521894,0.2862360078378042,-0.4477194231420155,0.6543557021328907,0.9811283072364576,False,Not significant
Gene0843,107.5653901765077,-0.06267468863069126,0.2100567191556554,-0.44305905389333483,0.6577230209279792,0.9811283072364576,False,Not significant
Gene0298,54.90420689069279,-0.06355810877984297,0.26761423011353574,-0.44912403579679666,0.6533421824249196,0.9811283072364576,False,Not significant
Gene0401,28.428497137832323,0.0632085248561251,0.2517938189647677,0.4452198261122116,0.6561609003599893,0.9811283072364576,False,Not significant
Gene0918,318.2504395095214,-0.06227081681476881,0.2160960397730497,-0.4466503878147405,0.6551275082670436,0.9811283072364576,False,Not significant
Gene0350,64.93116536645688,0.06321681503393582,0.225736249433157,0.4434217498085188,0.6574607068911063,0.9811283072364576,False,Not significant
Gene0622,24.788033015766953,0.059121593142375514,0.26245361220367086,0.4235668070772969,0.6718817669727954,0.9854715434252529,False,Not significant
Gene0953,83.21665081045705,0.054771648667643454,0.21712494090115278,0.3830915947867283,0.7016518515193477,0.9854715434252529,False,Not significant
Gene0858,79.23255841801016,0.0519179835917771,0.23682067787930228,0.36078433104407953,0.718260677032729,0.9854715434252529,False,Not significant
Gene0861,50.59732934105014,-0.05602802601157645,0.25298485450571295,-0.3942224057197339,0.6934168449968309,0.9854715434252529,False,Not significant
Gene0528,21.641990143345637,-0.05948668519876788,0.2469034745550643,-0.4164876124139892,0.6770532301024115,0.9854715434252529,False,Not significant
Gene0129,31.583478007003077,-0.05480329739390711,0.24273182903010154,-0.3876646522969022,0.6982642174029754,0.9854715434252529,False,Not significant
Gene0154,12.421443838995287,0.05074313053221923,0.32056615645406256,0.3904614881736427,0.696195327740078,0.9854715434252529,False,Not significant
Gene0102,108.88924990796265,0.059429762134285635,0.25907852930822517,0.41501833173926245,0.6781284833899746,0.9854715434252529,False,Not significant
Gene0530,235.61099831920365,0.048169913639887145,0.33226161988500996,0.36414218604024756,0.7157518362460213,0.9854715434252529,False,Not significant
Gene0574,129.69200961465427,0.05365688157339197,0.257830826643248,0.37560929450785435,0.7072073799135958,0.9854715434252529,False,Not significant
Gene0842,42.62012519826751,0.05831312084525621,0.2527778584699135,0.4098896869826654,0.681886870958256,0.9854715434252529,False,Not significant
Gene0623,63.645676859281316,0.055171690081884356,0.31391387068679766,0.40127423367045706,0.6882182317472871,0.9854715434252529,False,Not significant
Gene0884,199.81879736650288,0.05218374163402618,0.25291035674378703,0.3634931064099392,0.7162365615749382,0.9854715434252529,False,Not significant
Gene0165,106.71941506214847,-0.049900881533882946,0.27566900523097476,-0.3589641775053498,0.7196218879000122,0.9854715434252529,False,Not significant
Gene0619,31.283616428078066,-0.051267948204983246,0.24971650079784571,-0.36652292509038586,0.7139749092433082,0.9854715434252529,False,Not significant
Gene0956,40.185023431555585,-0.05976164876939004,0.24412445627003168,-0.420338639876567,0.6742380862802804,0.9854715434252529,False,Not significant
Gene0819,19.28365194897965,-0.05492462049892186,0.278940971312022,-0.39578621506287254,0.692262746992697,0.9854715434252529,False,Not significant
Gene0190,97.12604281047682,-0.05959362592678105,0.23141340999277651,-0.4211889421328554,0.6736171183611638,0.9854715434252529,False,Not significant
Gene0898,121.99863601617604,-0.054973022669875866,0.2594434118208737,-0.3902330022957137,0.6963642599592745,0.9854715434252529,False,Not significant
Gene0902,32.48176453962096,0.047414103335710084,0.32453116394804876,0.35833010886808875,0.7200962884254856,0.9854715434252529,False,Not significant
Gene0273,59.952200832556606,-0.05510294582849545,0.24120387162894563,-0.39119277591190743,0.6956547477007365,0.9854715434252529,False,Not significant
Gene0365,69.67074262157261,0.051213789314931764,0.22891102445203676,0.3562488968400202,0.721654176374809,0.9854715434252529,False,Not significant
Gene0764,57.6297148140656,0.050243091131202865,0.2711276497744067,0.36055536986985864,0.718431857731963,0.9854715434252529,False,Not significant
Gene0294,25.99784855118833,0.05234700078881624,0.3090368767468845,0.3791991402924574,0.7045399899305739,0.9854715434252529,False,Not significant
Gene0762,95.17939893017261,-0.06143240877861254,0.20654070441302222,-0.435491847392479,0.6632054553397653,0.9854715434252529,False,Not significant
Gene0285,43.70721080255563,0.05028987258048463,0.27978459710813836,0.3604019183825249,0.7185465922239487,0.9854715434252529,False,Not significant
Gene0400,27.347192740106426,0.059862781230078065,0.2621284551521177,0.41889186892998354,0.6752951597733852,0.9854715434252529,False,Not significant
Gene0403,19.48451553880636,-0.04919531197240597,0.2788209380665265,-0.35257606881429965,0.7244062811629512,0.9854715434252529,False,Not significant
Gene0233,132.84611100044745,0.056317293933902494,0.21847974527824646,0.39298520950029736,0.6943304054944788,0.9854715434252529,False,Not significant
Gene0249,19.283426062001087,0.046429118662565716,0.26733082478565123,0.35728211057819076,0.7208806210799141,0.9854715434252529,False,Not significant
Gene0678,154.9688947717198,0.05787935180553461,0.2657713256986527,0.4086631279486675,0.682786896372467,0.9854715434252529,False,Not significant
Gene0399,7.757698391597365,0.049730024736998064,0.30048361104269333,0.3845179984711947,0.7005945585017661,0.9854715434252529,False,Not significant
Gene0684,54.034393366175216,-0.049662273142197254,0.3084798895944893,-0.36576093480590605,0.714543472442623,0.9854715434252529,False,Not significant
Gene0785,43.071505617128196,0.05862171481403351,0.22270817566547815,0.4081852452924789,0.6831376796867215,0.9854715434252529,False,Not significant
Gene0655,15.517947699047253,-0.055789678547991765,0.29595220158135815,-0.42243582535210006,0.6727069332092159,0.9854715434252529,False,Not significant
Gene0660,53.248209482741,0.050747310952873985,0.2851018031688077,0.362015953681062,0.7173401085852041,0.9854715434252529,False,Not significant
Gene0643,23.696301794202814,-0.0610885839323718,0.2633502114344933,-0.430364406886869,0.666930582482358,0.9854715434252529,False,Not significant
Gene0423,61.8376190162626,-0.0510172136015356,0.22269211530756178,-0.35886384435583146,0.7196969484527334,0.9854715434252529,False,Not significant
Gene0464,38.76832835882557,-0.04978909904757146,0.2557483666765045,-0.3547035511573616,0.7228116902749357,0.9854715434252529,False,Not significant
Gene0217,42.21477382228411,0.05787305094127951,0.245241073487606,0.4023064699068799,0.6874584937010679,0.9854715434252529,False,Not significant
Gene0451,431.3352397635012,-0.049225611369158075,0.23008508722876178,-0.36064871865230796,0.7183620646734266,0.9854715434252529,False,Not significant
Gene0450,76.9639475678686,-0.04880534414464234,0.297888314736642,-0.3557394198484472,0.72203572084489,0.9854715434252529,False,Not significant
Gene0668,45.81733307608636,0.06069561595041208,0.2788863024912173,0.4331997864471493,0.6648696340163225,0.9854715434252529,False,Not significant
Gene0272,15.68175975708803,-0.04201136798815217,0.24778729370095667,-0.36361490990756873,0.7161455913768422,0.9854715434252529,False,Not significant
Gene0787,67.67383275366146,0.057560162353450885,0.21495697107180034,0.40520026665527387,0.6853303090117824,0.9854715434252529,False,Not significant
Gene0468,103.12781459910893,0.057939460605746965,0.24481261603453902,0.4006675154686416,0.6886649304164989,0.9854715434252529,False,Not significant
Gene0934,422.04372101372775,0.05064179999974227,0.2307406906494146,0.35360920811344626,0.7236317726030881,0.9854715434252529,False,Not significant
Gene0636,78.78068205509777,0.06190016947573604,0.25132111733969204,0.43330581517220607,0.6647926140492573,0.9854715434252529,False,Not significant
Gene0632,207.0480381009298,0.06166122106841052,0.2583021278541217,0.4369974950736105,0.6621131646702022,0.9854715434252529,False,Not significant
Gene0466,659.475166989319,0.05716212612227917,0.21750419357767783,0.4037531474059683,0.6863942529786022,0.9854715434252529,False,Not significant
Gene0597,38.235254022460055,-0.05556680479480863,0.23814247518217826,-0.39313276009061027,0.6942214290159128,0.9854715434252529,False,Not significant
Gene0149,36.09929335030665,-0.057505451149386086,0.27962871277373474,-0.4240655213284429,0.6715180296897886,0.9854715434252529,False,Not significant
Gene0719,47.80887008230729,0.060739291580857974,0.2608130364667686,0.4251267603938601,0.6707442709637337,0.9854715434252529,False,Not significant
Gene0335,185.2416503553978,-0.05437219816612127,0.23065338448802145,-0.3818887453041848,0.7025438887057722,0.9854715434252529,False,Not significant
Gene0356,32.343271196186954,-0.04999376504557812,0.265323714559619,-0.354433193533126,0.7230142621771408,0.9854715434252529,False,Not significant
Gene0360,153.13339040391344,-0.05362718772998997,0.2760980518375229,-0.3898245418722449,0.6966662948210236,0.9854715434252529,False,Not significant
Gene0890,31.4260325701097,-0.054160370748671985,0.2451786497953512,-0.38084242692261466,0.7033201752667562,0.9854715434252529,False,Not significant
Gene0701,23.370462830836484,-0.05139098105842618,0.27135042663596165,-0.3850109818368767,0.7002292792206481,0.9854715434252529,False,Not significant
Gene0893,17.583049623617182,-0.05031769652002898,0.2604271024762291,-0.37261861877428815,0.7094323134864662,0.9854715434252529,False,Not significant
Gene0742,58.165854046142044,-0.05231563676816185,0.20953716657717772,-0.3720401728272979,0.7098629391366533,0.9854715434252529,False,Not significant
Gene0732,36.220246421736,0.05582602859006118,0.24721829397008224,0.3956282049284661,0.6923793267582108,0.9854715434252529,False,Not significant
Gene0557,92.030920264131,-0.05091605980179897,0.25211940466602045,-0.36022405310670114,0.7186795886569977,0.9854715434252529,False,Not significant
Gene0562,86.64050292768654,0.05478631167282895,0.2846903478560315,0.3904620131757006,0.6961949395944338,0.9854715434252529,False,Not significant
Gene0905,120.625377085131,-0.048924366310061744,0.2451375875871865,-0.35364257059763976,0.7236067666216579,0.9854715434252529,False,Not significant
Gene0105,53.9718266930463,-0.0469000783976201,0.2569133465501113,-0.3359377695737962,0.7369177945025804,0.9871857025044533,False,Not significant
Gene0870,294.6060298407462,-0.030023381169146938,0.20427349751755738,-0.21619602633455529,0.8288349508342184,0.9871857025044533,False,Not significant
Gene0970,208.75167608111383,-0.03565319339422177,0.24899206525851983,-0.2528325877378029,0.8003975842594163,0.9871857025044533,False,Not significant
Gene0971,38.13376426925159,0.03657970671971906,0.2259633177446276,0.25580127877735576,0.7981042864321429,0.9871857025044533,False,Not significant
Gene0978,37.23926597523454,0.034199427919522865,0.24837073199786663,0.24461936999319356,0.806751164559823,0.9871857025044533,False,Not significant
Gene0982,142.2597182465809,-0.03285729109943563,0.2322865806262957,-0.2332227561006041,0.8155884362054076,0.9871857025044533,False,Not significant
Gene0122,75.6065167020575,0.02874941625496613,0.2352857529413124,0.2057100886669492,0.8370173774862091,0.9871857025044533,False,Not significant
Gene0552,40.68938150506913,-0.0354407913540598,0.2506477586284514,-0.25500087448891984,0.7987224238105999,0.9871857025044533,False,Not significant
Gene0568,642.2501605139569,-0.038488798899949314,0.21338819960527047,-0.27618363673531,0.7824070246388911,0.9871857025044533,False,Not significant
Gene0915,18.759475955612174,0.031922164166617625,0.2835303149377833,0.24315736625494405,0.8078834925862566,0.9871857025044533,False,Not significant
Gene0548,31.118544624420675,0.04527834091536214,0.2604901661721443,0.3177653318472287,0.7506629498683169,0.9871857025044533,False,Not significant
Gene0991,461.9060963288735,0.0275864268917198,0.2165116001783909,0.19130606397515074,0.8482858104677287,0.9871857025044533,False,Not significant
Gene0320,167.1199923884542,-0.03509836062185725,0.2607363157218014,-0.25100807420000953,0.801807866687231,0.9871857025044533,False,Not significant
Gene0325,119.23472295951188,0.0449878841998719,0.2370403775734495,0.31374911201401595,0.7537115967624579,0.9871857025044533,False,Not significant
Gene0715,29.051253716356005,-0.03900649517314171,0.27969937867355166,-0.3066197431207562,0.7591328242307722,0.9871857025044533,False,Not significant
Gene0717,39.45608205436153,-0.02503991232776851,0.24825608818060027,-0.17896783233822747,0.857962959939602,0.9871857025044533,False,Not significant
Gene0727,28.735906781386564,-0.04018851513377095,0.257065541986093,-0.2861976343564053,0.7747267555129506,0.9871857025044533,False,Not significant
Gene0328,202.21779549789412,-0.029260002768193457,0.3360571591860129,-0.2401995472997027,0.8101755646119326,0.9871857025044533,False,Not significant
Gene0330,36.94206186034126,-0.027863891072510447,0.23791405079501776,-0.19740513075885638,0.84351051485689,0.9871857025044533,False,Not significant
Gene0334,93.98970523697658,-0.029921578285323804,0.27850072802905834,-0.29679835978007,0.7666204577859912,0.9871857025044533,False,Not significant
Gene0336,221.4692464949022,0.04740222123979928,0.22396150402125223,0.3341992119325247,0.7382292386288181,0.9871857025044533,False,Not significant
Gene0738,104.56011692448527,0.04696274526056934,0.20842433761396978,0.3310754514455613,0.7405874938885044,0.9871857025044533,False,Not significant
Gene0749,166.6768259962226,-0.036599383039613735,0.2338191073191225,-0.25878585542676413,0.7958004719453012,0.9871857025044533,False,Not significant
Gene0939,535.0592504118373,0.045619375198908185,0.2369595041027756,0.31878651955699344,0.749888401215633,0.9871857025044533,False,Not significant
Gene0309,30.889254796423092,-0.046219501780082294,0.27311796083456885,-0.3460853670803056,0.7292785600969341,0.9871857025044533,False,Not significant
Gene0941,19.60135413733459,-0.02119128857923931,0.29136111599062514,-0.16688928800253958,0.8674571618790603,0.9871857025044533,False,Not significant
Gene0946,59.56242788609228,-0.03252550572254305,0.23890766232882188,-0.23032175117598241,0.8178417599126688,0.9871857025044533,False,Not significant
Gene0306,29.51416699955566,0.03043337395888384,0.26644024961046747,0.2133760943620443,0.8310336250881748,0.9871857025044533,False,Not significant
Gene0699,37.76806908148626,-0.035597046424569234,0.22959950016935501,-0.25173378265924173,0.8012468428934187,0.9871857025044533,False,Not significant
Gene0313,74.56731356485967,-0.030683705566252266,0.28153112741191066,-0.22284573914133618,0.8236555682781129,0.9871857025044533,False,Not significant
Gene0702,43.673856973508414,0.026097491347551616,0.23879624851887984,0.1855054116318605,0.8528326360640093,0.9871857025044533,False,Not significant
Gene0700,49.12428671879135,-0.024344969510812803,0.29822810204375194,-0.17913107451193258,0.8578347826834867,0.9871857025044533,False,Not significant
Gene0263,19.68933617420773,0.03168215279624151,0.3247820400412261,0.2381063912549632,0.8117985777770715,0.9871857025044533,False,Not significant
Gene0305,24.242321447863294,-0.04348490194038058,0.2718468799926829,-0.3140461181292158,0.7534860121035184,0.9871857025044533,False,Not significant
Gene0703,63.02466857330992,-0.03380272723252704,0.25790459071037547,-0.24243261711139072,0.8084449632400439,0.9871857025044533,False,Not significant
Gene0709,103.57591258444883,-0.04198798723084868,0.2131544444895995,-0.2985845271404248,0.765257072737811,0.9871857025044533,False,Not significant
Gene0713,83.73814012315931,-0.0320961872316326,0.21948463457501968,-0.23059069142657349,0.8176327999123316,0.9871857025044533,False,Not significant
Gene0347,110.23959574576111,0.024634721037079248,0.23162175219730152,0.17151782006152544,0.8638166196781224,0.9871857025044533,False,Not significant
Gene0351,19.24426242900601,-0.03969205503770019,0.25809323502158293,-0.2828937547760425,0.7772582820917133,0.9871857025044533,False,Not significant
Gene0352,48.32390130018083,0.04518188990982037,0.22421226929190566,0.3161893979184816,0.7518587545068999,0.9871857025044533,False,Not significant
Gene0366,118.92027716270701,-0.026993836173955843,0.23718001586560902,-0.19723452911169484,0.8436440109722069,0.9871857025044533,False,Not significant
Gene0370,33.062898359501595,-0.03074936352936937,0.26724103472375443,-0.22720573697245788,0.8202637668875167,0.9871857025044533,False,Not significant
Gene0371,123.48113737897376,0.024696781371600404,0.2315544480979274,0.1749039912988605,0.8611550740171134,0.9871857025044533,False,Not significant
Gene0373,226.9717925064829,0.033954231444208595,0.2569057344334607,0.2382973632405985,0.8116504662836643,0.9871857025044533,False,Not significant
Gene0275,544.3737359862171,-0.024346959797033225,0.2722881120243047,-0.1791056479775503,0.8578547472742605,0.9871857025044533,False,Not significant
Gene0763,20.54666283214363,-0.022961050847239112,0.2533796172349838,-0.16568607485771394,0.8684040052364755,0.9871857025044533,False,Not significant
Gene0295,133.62290795729137,0.045125727413694666,0.23780558351458286,0.3270510293383655,0.7436292896809726,0.9871857025044533,False,Not significant
Gene0297,32.88559191030095,0.03687139923764672,0.29626653819521914,0.27166311390288195,0.7858810657790576,0.9871857025044533,False,Not significant
Gene0416,56.9793632188481,-0.038844117522492734,0.23698475166382896,-0.27583475298746823,0.7826749897717618,0.9871857025044533,False,Not significant
Gene0776,49.522077705384724,0.03550137803036692,0.23529637893812946,0.24892639442274336,0.8034177179993018,0.9871857025044533,False,Not significant
Gene0682,28.369599625734153,0.03788280512694724,0.2459582305520447,0.26700191419604147,0.7894676872645461,0.9871857025044533,False,Not significant
Gene0692,19.4538932146535,0.024585640882477843,0.27512391943019393,0.1751168753889688,0.8609877985161807,0.9871857025044533,False,Not significant
Gene0405,153.54299537077554,-0.022725452531097014,0.2675783265282065,-0.16642464207434246,0.867822782791187,0.9871857025044533,False,Not significant
Gene0382,64.02139601032614,-0.043174562813540734,0.2215022119284828,-0.30452951236515646,0.7607245121300075,0.9871857025044533,False,Not significant
Gene0232,98.021018654072,-0.0261634139441803,0.226041128001505,-0.18609835246805134,0.8523676338870497,0.9871857025044533,False,Not significant
Gene0248,103.60313977090969,-0.04381325553304195,0.23043050319026054,-0.3090286480783788,0.7572997346650177,0.9871857025044533,False,Not significant
Gene0412,96.51099198182503,0.043416146158244066,0.23005927359914527,0.30176139979229694,0.7628339583962165,0.9871857025044533,False,Not significant
Gene0251,55.13605363518866,-0.03330998351765068,0.22603648809777138,-0.23699263980459312,0.8126625002146446,0.9871857025044533,False,Not significant
Gene0782,116.18636138516673,0.04100533675067898,0.3003814634033839,0.3133700896945178,0.7539995056087649,0.9871857025044533,False,Not significant
Gene0676,20.806203072369104,-0.04709777801025432,0.26085850997091825,-0.33502711986297046,0.7376046285446713,0.9871857025044533,False,Not significant
Gene0675,27.240512325827137,0.03247309705189923,0.29668576872897806,0.27449567675111347,0.7837037255318328,0.9871857025044533,False,Not significant
Gene0673,8.764046312698666,-0.036952515192402155,0.3180284108667055,-0.30207028821086773,0.7625984816510251,0.9871857025044533,False,Not significant
Gene0664,21.661626011132437,-0.02537310418981691,0.2621620097962441,-0.1944579899065903,0.8458172870051471,0.9871857025044533,False,Not significant
Gene0662,122.08087317154549,-0.029908265839522306,0.22769892945229678,-0.21247569913194572,0.8317359342495076,0.9871857025044533,False,Not significant
Gene0599,103.50872851917056,0.027273792919657185,0.2620511658926078,0.19248152908375513,0.8473650350478911,0.9871857025044533,False,Not significant
Gene0487,18.90912339989379,0.033117903892725536,0.29348765074420957,0.25414044786400936,0.7993870560401884,0.9871857025044533,False,Not significant
Gene0489,103.19879155403119,-0.02967675840152769,0.22221488715745255,-0.21201699093768794,0.8320937787904906,0.9871857025044533,False,Not significant
Gene0610,225.24631083885257,0.03887021821403703,0.24390222763580396,0.2719756859508066,0.7856407146849533,0.9871857025044533,False,Not significant
Gene0618,111.52142865066155,-0.03757632901045547,0.22076282380562046,-0.2693311252629207,0.78767488230702,0.9871857025044533,False,Not significant
Gene0421,336.77105256337904,-0.037205693596757995,0.21102662704803848,-0.2650206188504691,0.7909935780240717,0.9871857025044533,False,Not significant
Gene0644,50.89151179407486,0.0330157289183365,0.22613755064604082,0.23084110756094536,0.8174382443473722,0.9871857025044533,False,Not significant
Gene0645,90.3340563282524,-0.02637710249742032,0.23035353014550347,-0.18781284445495222,0.8510233665276449,0.9871857025044533,False,Not significant
Gene0646,46.26397685385956,-0.048942160386183695,0.2643265103530904,-0.34760610652079293,0.7281360196210918,0.9871857025044533,False,Not significant
Gene0452,16.625919384646576,0.03530544858075035,0.2818957366015623,0.25528905955882086,0.7984998492733018,0.9871857025044533,False,Not significant
Gene0454,13.51300727481994,-0.029866497485964247,0.26944636032576436,-0.21660337903753876,0.8285174521648465,0.9871857025044533,False,Not significant
Gene0965,36.0547426024764,-0.026476998092461457,0.2914830829854125,-0.19330758937829215,0.8467180829651014,0.9871857025044533,False,Not significant
Gene0212,277.73126524670505,-0.037417717362316805,0.2434751343517801,-0.26788223262299116,0.7887899703457271,0.9871857025044533,False,Not significant
Gene0803,42.93747843182254,-0.028369600544112496,0.269903547293022,-0.2038918771170628,0.8384379928707771,0.9871857025044533,False,Not significant
Gene0218,129.24972098481342,-0.037331983834954736,0.27276481170663575,-0.2705986254261171,0.7866997531484485,0.9871857025044533,False,Not significant
Gene0220,59.209561522413736,-0.03168392428910861,0.26606474598612057,-0.22717115806993776,0.8202906539465574,0.9871857025044533,False,Not significant
Gene0469,387.59291893015194,-0.03761639335541441,0.20781844152193035,-0.27170223144336136,0.785850985376497,0.9871857025044533,False,Not significant
Gene0225,34.52803460973838,-0.026630437166534845,0.24677024626817803,-0.1913214918504183,0.8482737240282241,0.9871857025044533,False,Not significant
Gene0230,449.80636347961325,-0.02884597264661175,0.2681858895594231,-0.21154725911320676,0.8324602590838224,0.9871857025044533,False,Not significant
Gene0467,17.161556713075047,0.02492508870447067,0.3585100959368471,0.19693580395845559,0.843877774793059,0.9871857025044533,False,Not significant
Gene0626,47.57403217039343,-0.0321874493066471,0.2798178562566641,-0.25050469133345094,0.8021970771771221,0.9871857025044533,False,Not significant
Gene0630,53.41144134323243,-0.03893070856763453,0.21059715018311795,-0.277266150295905,0.7815757491491676,0.9871857025044533,False,Not significant
Gene0634,26.124408462892546,-0.0446273648204184,0.2318583658767388,-0.3176122004228581,0.7507791184127601,0.9871857025044533,False,Not significant
Gene0933,89.19856413895377,0.045878455351162147,0.25317116584174626,0.3213217837984646,0.7479665499048346,0.9871857025044533,False,Not significant
Gene0874,53.124366830639396,-0.032305733538354704,0.22865187306665252,-0.2295029835097301,0.8184780020031919,0.9871857025044533,False,Not significant
Gene0475,141.45808260090112,-0.04744484537651626,0.2411593999513891,-0.3355493214169205,0.7372107458349736,0.9871857025044533,False,Not significant
Gene0812,375.36719071988745,-0.04401894255458707,0.2271189589800039,-0.31288252391568283,0.7543699153526066,0.9871857025044533,False,Not significant
Gene0818,35.17712385302756,-0.036550828269284866,0.23814184331822172,-0.2578976960223499,0.7964858630399954,0.9871857025044533,False,Not significant
Gene0960,84.27330779909882,0.026785209850686796,0.23405077010016523,0.18859963225809556,0.8504066210560957,0.9871857025044533,False,Not significant
Gene0206,28.21020895327953,0.04430567281879718,0.24604240695490381,0.30957671241039536,0.756882867660765,0.9871857025044533,False,Not significant
Gene0963,140.17419000769658,0.035062022247444716,0.2952681583066631,0.2525554815307346,0.80061173547032,0.9871857025044533,False,Not significant
Gene0964,141.36350144580027,-0.04433362227187959,0.20660741895890117,-0.31630144395135157,0.7517737152616826,0.9871857025044533,False,Not significant
Gene0145,12.730580848697103,0.029944546613371325,0.27969995414324855,0.21725859642323422,0.828006821698522,0.9871857025044533,False,Not significant
Gene0823,51.524854355908765,-0.028261081284722225,0.2716171558366559,-0.20359833945474184,0.838667390888092,0.9871857025044533,False,Not significant
Gene0182,13.23404415046614,0.024522772452251367,0.2609735207134223,0.18621944073165483,0.8522726791040072,0.9871857025044533,False,Not significant
Gene0185,34.2708572207892,-0.027339425224907364,0.24732660243352764,-0.20035850369626498,0.8412002106769287,0.9871857025044533,False,Not significant
Gene0498,28.957594838987717,-0.046095966196084054,0.26683424834845487,-0.32762689829205544,0.7431937815962903,0.9871857025044533,False,Not significant
Gene0617,86.14205249752406,0.026504440190188317,0.21458044768062273,0.1879818967478259,0.8508908424923249,0.9871857025044533,False,Not significant
Gene0621,20.674321716335076,0.036495504955111446,0.24175037247469322,0.2550948712656814,0.7986498252982774,0.9871857025044533,False,Not significant
Gene0625,233.58265683478382,0.033398649526899055,0.22572015243942173,0.23501688970173282,0.8141956242310007,0.9871857025044533,False,Not significant
Gene0164,26.793487380946328,0.03855565254340838,0.27441081701427333,0.2746525953383635,0.783583154351508,0.9871857025044533,False,Not significant
Gene0494,84.90160549989555,-0.042649075772923574,0.27529782238516864,-0.30769581889903586,0.7583138015173418,0.9871857025044533,False,Not significant
Gene0497,81.62275677581455,-0.03126029910805464,0.23027504829611198,-0.22152045022593514,0.8246872151179494,0.9871857025044533,False,Not significant
Gene0162,59.679122765173496,0.024245413816650917,0.229163356910524,0.1707332042008406,0.8644335529696311,0.9871857025044533,False,Not significant
Gene0172,16.783429047734455,-0.023608857536543373,0.24678631868806866,-0.16892106057613765,0.8658587333017751,0.9871857025044533,False,Not significant
Gene0169,73.13237467446768,0.047268528217721165,0.25956130948590483,0.33596822925199094,0.7368948247046172,0.9871857025044533,False,Not significant
Gene0876,285.9189611557673,-0.04512078969419766,0.21025770652516307,-0.3235439320928377,0.7462833420381667,0.9871857025044533,False,Not significant
Gene0880,105.98180638921092,-0.042849216877899415,0.25469459712730674,-0.3048798478773481,0.7604576645928967,0.9871857025044533,False,Not significant
Gene0833,102.94214618834609,0.04271656762284718,0.23012613666449203,0.2989115336714768,0.7650075466191322,0.9871857025044533,False,Not significant
Gene0511,395.89367588651476,0.04570326959280929,0.20513461576392353,0.3238626490617202,0.7460420229204561,0.9871857025044533,False,Not significant
Gene0513,68.73423193788784,0.0406722518893356,0.251910483971809,0.2844331756182234,0.7760784379517232,0.9871857025044533,False,Not significant
Gene0517,43.773285983331476,0.03436621167014201,0.28574401458921184,0.25275461566438284,0.800457840555974,0.9871857025044533,False,Not significant
Gene0839,28.82860119502222,-0.029295376340180975,0.3131455920855555,-0.21902062343646572,0.826633982589519,0.9871857025044533,False,Not significant
Gene0501,274.49834189504344,0.04451266141486767,0.18938702860398868,0.32073524095313494,0.7484110386345268,0.9871857025044533,False,Not significant
Gene0503,34.53903795453744,-0.041570458764403816,0.27047712078908803,-0.29768039039353245,0.7659471114857686,0.9871857025044533,False,Not significant
Gene0504,121.92498055621058,0.04432225483483083,0.226049171114951,0.31004883494440627,0.7565238199712855,0.9871857025044533,False,Not significant
Gene0831,9.737973738924394,-0.03530184626206206,0.2937412514573339,-0.28794462801462034,0.7733891246793292,0.9871857025044533,False,Not significant
Gene0133,44.31335887804813,0.027177849305828405,0.24581044959560022,0.19312552243617528,0.8468606648920656,0.9871857025044533,False,Not significant
Gene0131,57.96356606525689,0.024002953284662114,0.22750958409497565,0.16839166791489427,0.8662751625515553,0.9871857025044533,False,Not significant
Gene0130,116.43293554398461,0.04722943974027115,0.2342929054947419,0.3290765264077708,0.7420978462487098,0.9871857025044533,False,Not significant
Gene0126,174.4845900157453,0.022810322611046437,0.2753400006048967,0.1658347790435598,0.8682869753444504,0.9871857025044533,False,Not significant
Gene0158,172.67986363875468,0.032003255694227316,0.27225814554423705,0.2433388175191033,0.8077429358913876,0.9871857025044533,False,Not significant
Gene0845,336.14710847108887,0.032370847544981395,0.21265441038147231,0.22640542025697993,0.8208861126213332,0.9871857025044533,False,Not significant
Gene0841,170.5851368116728,0.03810753712959659,0.2803007027253128,0.28030783279740334,0.7792413418740725,0.9871857025044533,False,Not significant
Gene0578,10.301471292231184,-0.0414414128541201,0.27679161450489775,-0.30914555353843387,0.7572108084658107,0.9871857025044533,False,Not significant
Gene0580,25.464812919389345,0.03961808580704853,0.24873452932315385,0.27840559803342046,0.7807010227120499,0.9871857025044533,False,Not significant
Gene0581,12.132779718683787,-0.0257737217015125,0.27631545397023305,-0.19785176382681494,0.8431610449277772,0.9871857025044533,False,Not significant
Gene0533,35.258388853371066,-0.024261778854815,0.23082149966894025,-0.17613633829765665,0.8601868333482784,0.9871857025044533,False,Not significant
Gene0535,427.5830139533977,0.04176846891767493,0.24917835801904242,0.29548424304620363,0.7676239875020041,0.9871857025044533,False,Not significant
Gene0995,95.73867707984503,-0.03832309296837073,0.23709158623037102,-0.2847197106069507,0.7758588885171477,0.9871857025044533,False,Not significant
Gene0522,55.739208318928355,-0.03503444757418482,0.22819166739869792,-0.2529115738047971,0.8003365455665575,0.9871857025044533,False,Not significant
Gene0135,33.81377002079789,-0.02337772341991657,0.25707092638412077,-0.16919273650304284,0.8656450428592233,0.9871857025044533,False,Not significant
Gene0846,25.90850830692898,0.04121740510444583,0.23247424500580444,0.28737124456254143,0.7738280765549659,0.9871857025044533,False,Not significant
Gene0849,39.20830753110425,-0.04595920317804239,0.25575004252657657,-0.33041741827152066,0.741084582039089,0.9871857025044533,False,Not significant
Gene0850,79.66421259904574,-0.04253452433956168,0.26554275270993516,-0.30402961780551246,0.7611053267924596,0.9871857025044533,False,Not significant
Gene0851,27.317194115504307,0.030529827627381823,0.25024661295732176,0.2140979273826869,0.8304706920348109,0.9871857025044533,False,Not significant
Gene0852,122.80843612497868,0.024990661510289874,0.2262050148859033,0.1756022448078657,0.860606438657767,0.9871857025044533,False,Not significant
Gene0857,134.81671087843753,-0.02745256648959242,0.2539221038393474,-0.19766831957857914,0.8433045779208941,0.9871857025044533,False,Not significant
Gene0572,91.29269349146834,-0.03191250044721692,0.23172998403941603,-0.22758672670371996,0.8199675397426961,0.9871857025044533,False,Not significant
Gene0681,80.1514325189465,0.023472214533170468,0.22397527515418372,0.16316260841807043,0.8703904057916858,0.9883078201239693,False,Not significant
Gene0308,299.3364125993232,-0.022142978018121123,0.22843318400885235,-0.16136975048188706,0.8718021900268952,0.9887756490098616,False,Not significant
Gene0743,318.762709746451,-0.021928622093528922,0.2116609387577552,-0.158002678193106,0.8744546883338735,0.9895145157462253,False,Not significant
Gene0486,52.68508028824491,0.022586775739223377,0.25308819853675024,0.1581598525071027,0.8743308385670994,0.9895145157462253,False,Not significant
Gene0291,46.94241535087543,-0.021727192682574222,0.24245895102575687,-0.15544123691281875,0.876473476865912,0.9895345532196199,False,Not significant
Gene0406,71.71046100782091,0.02230860236980222,0.24677878251063645,0.156579826661984,0.8755760024041472,0.9895345532196199,False,Not significant
Gene0798,39.08388018384702,0.021677773714704716,0.22924262165243287,0.15250111401635733,0.8787917118566209,0.9910205279660184,False,Not significant
Gene1000,57.96645026241876,0.014145824102110608,0.23250810979022096,0.09772290393489044,0.922152327893306,0.9912341874453313,False,Not significant
Gene0854,78.83205574694655,0.020773239866583377,0.25070233667362396,0.1452812623835515,0.8844888082127275,0.9912341874453313,False,Not significant
Gene0989,221.20856588643582,0.01681053224264068,0.30948675603315323,0.1223411589102028,0.9026288367053161,0.9912341874453313,False,Not significant
Gene0990,87.13035223579054,0.014693486056330661,0.22679099136307948,0.10183881219510404,0.91888461810872,0.9912341874453313,False,Not significant
Gene0820,8.09990841496216,0.016682204923591046,0.2949122271011121,0.1357197041014118,0.8920428702318353,0.9912341874453313,False,Not significant
Gene0881,105.03191707958759,0.017363261102712163,0.24680152823737136,0.12143709806847365,0.9033448342909314,0.9912341874453313,False,Not significant
Gene0744,259.30340484813985,0.017804012760619745,0.21880050475744148,0.12396969541417334,0.9013392694899865,0.9912341874453313,False,Not significant
Gene0789,425.9440438219702,0.018550170016078085,0.21272556154311179,0.12927042338351027,0.8971436737594589,0.9912341874453313,False,Not significant
Gene0773,52.30593333354502,0.017192012172954196,0.23297719427380065,0.12015667434159373,0.9043590379132331,0.9912341874453313,False,Not significant
Gene0735,15.810285958746322,-0.015190394820222804,0.25551645733277367,-0.11104611899710475,0.911579775185671,0.9912341874453313,False,Not significant
Gene0691,203.38003501084117,-0.013469002499131612,0.27661755406384614,-0.10178353308860186,0.9189284964531844,0.9912341874453313,False,Not significant
Gene0708,148.8735581008671,0.015301365432545894,0.26002257767418585,0.10655449999739423,0.9151424167379705,0.9912341874453313,False,Not significant
Gene0761,334.4540546582477,0.017576387769708365,0.2450300727826924,0.12176407270263064,0.903085868003651,0.9912341874453313,False,Not significant
Gene0614,76.06300179959013,0.02009940418451587,0.22841882659975485,0.13934908975206636,0.8891743002385297,0.9912341874453313,False,Not significant
Gene0598,78.42944918206057,-0.016071917579149206,0.23940556222484588,-0.11536504797310454,0.9081557816260317,0.9912341874453313,False,Not significant
Gene0606,551.1489062828796,0.01820586033296404,0.21176817336729645,0.12829307193538184,0.8979170475949002,0.9912341874453313,False,Not significant
Gene0527,70.3939685171952,0.016556446696050876,0.250051512450859,0.11664515546234411,0.9071412530590605,0.9912341874453313,False,Not significant
Gene0542,13.83160657704896,0.01891532704519307,0.27183544161962253,0.13637693534475753,0.8915233062402366,0.9912341874453313,False,Not significant
Gene0480,80.93038106846548,-0.01370660133754762,0.2395284073873881,-0.09875744180149951,0.9213308597667024,0.9912341874453313,False,Not significant
Gene0453,116.97698161165744,0.020755804950543074,0.207808220786128,0.1470648727826229,0.8830808158142274,0.9912341874453313,False,Not significant
Gene0465,58.338717959425146,-0.01664369709594269,0.24603822019481672,-0.11906859241932946,0.905221013310221,0.9912341874453313,False,Not significant
Gene0455,134.37923948406308,0.01603076207452116,0.23185238048377882,0.11070878860936374,0.9118472765233359,0.9912341874453313,False,Not significant
Gene0483,67.74904613285236,0.01950021864637182,0.22416180896437926,0.13564462094149343,0.8921022290162639,0.9912341874453313,False,Not significant
Gene0546,32.67548691851744,0.014721689665576573,0.2597121076175711,0.10484773183332367,0.916496634220889,0.9912341874453313,False,Not significant
Gene0595,163.47819343760986,-0.01666969870442338,0.21927291864041945,-0.12280841384552216,0.9022588114140674,0.9912341874453313,False,Not significant
Gene0588,32.04349266592979,-0.02080734628838339,0.24556764581801158,-0.1493931679151591,0.88124340245016,0.9912341874453313,False,Not significant
Gene0559,659.6823884427769,0.02166268032454693,0.24437564900013212,0.14941517453645664,0.8812260385869383,0.9912341874453313,False,Not significant
Gene0565,38.60579347653628,0.01532506326693363,0.2289883511271508,0.10701513105970507,0.9147769758400519,0.9912341874453313,False,Not significant
Gene0906,336.7799957925737,0.016531552717047707,0.2328562152376637,0.11449591583143845,0.9088446838038708,0.9912341874453313,False,Not significant
Gene0341,36.138956016537854,0.014725673663426872,0.2447709457755543,0.10242838709183699,0.9184166525222043,0.9912341874453313,False,Not significant
Gene0419,48.89692749043496,0.014410158474595442,0.3134709565304294,0.1053246972465361,0.9161181663965137,0.9912341874453313,False,Not significant
Gene0432,202.08320408510158,0.01610227447202204,0.3207227900479044,0.1179774521966236,0.9060855236360924,0.9912341874453313,False,Not significant
Gene0296,57.114981159801914,-0.013209742495517235,0.24343656159575022,-0.09683136235927006,0.9228603173953981,0.9912341874453313,False,Not significant
Gene0178,66.88661097486089,-0.016702609644502014,0.23554467497043524,-0.11958765461029469,0.9048097997296833,0.9912341874453313,False,Not significant
Gene0143,90.39159998662593,-0.018934446393378043,0.2651711383876335,-0.13750932519741094,0.890628222322476,0.9912341874453313,False,Not significant
Gene0171,626.6682398091402,-0.013999931670447873,0.22764285557539832,-0.10126690062395326,0.9193385905644866,0.9912341874453313,False,Not significant
Gene0119,65.88378604247752,0.01978659921281476,0.255525479708601,0.13861546759837742,0.8897540199366099,0.9912341874453313,False,Not significant
Gene0115,125.67421243626823,0.016964983806930983,0.21926418768106082,0.11771301166986689,0.9062950566412709,0.9912341874453313,False,Not significant
Gene0121,107.58668223241243,0.018614025398376886,0.1982757971761466,0.1321583639333676,0.8948590329545363,0.9912341874453313,False,Not significant
Gene0156,52.37594444374347,-0.01556111024414399,0.22743653320538856,-0.1167149467132567,0.9070859454670501,0.9912341874453313,False,Not significant
Gene0353,186.13627721596347,-0.018260534099403498,0.23245327418595876,-0.13537501484018508,0.8923153775360588,0.9912341874453313,False,Not significant
Gene0289,408.51182008495283,0.01703916832490246,0.22999310623742658,0.11997454245068218,0.9045033144526846,0.9912341874453313,False,Not significant
Gene0280,46.32282411352376,-0.015615539554075197,0.2581918357739218,-0.11327800458627296,0.9098101547822687,0.9912341874453313,False,Not significant
Gene0966,75.75791568982463,0.01383709141878225,0.24078578706654677,0.09655401949155383,0.9230805729394844,0.9912341874453313,False,Not significant
Gene0221,33.02541301918216,0.01284908409655945,0.2742624381516433,0.09069460235399779,0.9277352596540853,0.994166569169332,False,Not significant
Gene0594,205.11593575190088,-0.012037931700127518,0.2713579723409765,-0.09058571510499332,0.9278217829558073,0.994166569169332,False,Not significant
Gene0392,50.81930882082458,-0.00998575106794526,0.23818560094465377,-0.07230287573835267,0.9423608761803599,0.9969618232494109,False,Not significant
Gene0110,11.418096211500862,-0.011172520783290731,0.3074733023851243,-0.0856645846203756,0.9317330559795072,0.9969618232494109,False,Not significant
Gene0811,42.07314120980569,-0.010550851457881701,0.2593076668405006,-0.07765099937852846,0.9381056731796465,0.9969618232494109,False,Not significant
Gene0931,86.31808921925722,-0.011177000263952182,0.239993281544768,-0.08089777988211935,0.9355232455776633,0.9969618232494109,False,Not significant
Gene0509,31.895629598329254,0.010749108185124779,0.25387302173720555,0.07647829590292135,0.9390385807564083,0.9969618232494109,False,Not significant
Gene0544,101.80478587629865,-0.010621363250385799,0.24261268796391644,-0.07714127365671747,0.9385111591750319,0.9969618232494109,False,Not significant
Gene0658,6.96943907359731,0.009477892954812751,0.2922108903315487,0.07574813564827283,0.9396194792614231,0.9969618232494109,False,Not significant
Gene0734,44.09822993047765,-0.011302425313603159,0.23830574140346358,-0.0845828772097538,0.9325930122861161,0.9969618232494109,False,Not significant
Gene0736,531.5564629379305,0.010134899044888583,0.2021481750528814,0.07128413841922909,0.9431716188206563,0.9969618232494109,False,Not significant
Gene0810,203.42652839053721,-0.01002985175906855,0.21294923303612856,-0.07349419782259893,0.9414128610572514,0.9969618232494109,False,Not significant
Gene0342,369.0238791425376,0.010753629647952376,0.2434734567338033,0.07454052990386922,0.940580292650738,0.9969618232494109,False,Not significant
Gene0252,83.48545839156759,-0.009296901999961757,0.2636686087704828,-0.07082736392451601,0.9435351532471674,0.9969618232494109,False,Not significant
Gene0853,102.39232608260636,-0.009585872667790804,0.21209053184082519,-0.07124651986211106,0.9432015579632994,0.9969618232494109,False,Not significant
Gene0993,432.3722391597541,0.007392522510607698,0.20478811094838317,0.050499737030640014,0.9597241589580877,0.9981999099393069,False,Not significant
Gene0807,81.29336063384314,-0.007324837269020954,0.2606857477508763,-0.05416492159942914,0.9568037681470702,0.9981999099393069,False,Not significant
Gene0883,200.15257670125925,0.008795271232510024,0.24853796386946944,0.059947855721176856,0.9521971650498946,0.9981999099393069,False,Not significant
Gene0868,82.52494720475748,0.00808441305610643,0.2783431946245705,0.056327151383598964,0.9550811894895722,0.9981999099393069,False,Not significant
Gene0666,272.95605865720006,0.003774472215959339,0.21339097274391894,0.024954232059806864,0.9800914697533101,0.9981999099393069,False,Not significant
Gene0124,122.0368284061641,-0.0055739765858145145,0.21300079411719053,-0.0416160502037905,0.966804778113896,0.9981999099393069,False,Not significant
Gene0138,33.71650545692878,0.008085227192147314,0.23947817735955623,0.05568850152718771,0.9555899597402613,0.9981999099393069,False,Not significant
Gene0163,112.79140444517883,-0.0029581542058596108,0.2244404089509167,-0.023375237349211108,0.9813509573409268,0.9981999099393069,False,Not significant
Gene0160,661.4078013176396,-0.004265451754117414,0.19539179240820562,-0.03230749139930606,0.974226835052112,0.9981999099393069,False,Not significant
Gene0984,579.3536893209973,0.005518319879412978,0.21146958716747255,0.03761400972371287,0.9699954376827746,0.9981999099393069,False,Not significant
Gene0241,77.20963182312441,0.007506425815330618,0.2175751730734575,0.05130617898299755,0.9590815444748158,0.9981999099393069,False,Not significant
Gene0197,43.24339319885268,-0.00926615610181451,0.24692575000642464,-0.06753628941618746,0.9461547731850605,0.9981999099393069,False,Not significant
Gene0239,1213.4852597493298,-0.007464472242453099,0.23514315162649785,-0.055585203330397626,0.9556722523113327,0.9981999099393069,False,Not significant
Gene0635,186.4419245247985,0.0063856659676217115,0.2118942919403101,0.043861236383248486,0.9650150144310876,0.9981999099393069,False,Not significant
Gene0612,32.13146665244867,-0.004076167615548901,0.256867391987772,-0.051826267956708395,0.9586671248700424,0.9981999099393069,False,Not significant
Gene0478,69.73820828861163,-0.004895073791934375,0.2872386161576704,-0.040074767002351484,0.9680335186519589,0.9981999099393069,False,Not significant
Gene0932,149.1866889357759,0.003156341757832896,0.2806060615612882,0.020251434326323772,0.9838427976246958,0.9981999099393069,False,Not significant
Gene0545,26.036197040809437,-0.004495643263939902,0.2585972112631853,-0.03468224641477238,0.9723331177189651,0.9981999099393069,False,Not significant
Gene0519,106.65426460176504,-0.004608478309509244,0.20779690196474468,-0.03468573574947665,0.9723303353067726,0.9981999099393069,False,Not significant
Gene0516,48.176264479012026,-0.00420419835755305,0.23531242154703416,-0.031295357106187444,0.9750339930885993,0.9981999099393069,False,Not significant
Gene0491,27.47083481526415,0.003670434485422853,0.2540845960669191,0.024296268571380876,0.9806162895025843,0.9981999099393069,False,Not significant
Gene0687,45.19952210137058,0.005801935465895749,0.2393224381920071,0.0391418091504874,0.9687773276121161,0.9981999099393069,False,Not significant
Gene0728,48.72376897532062,-0.005021238554153505,0.2548718909277762,-0.04006496541113663,0.9680413329144745,0.9981999099393069,False,Not significant
Gene0784,71.66471262195306,-0.008702118126662849,0.23480541264220078,-0.06345318727426431,0.949405635223344,0.9981999099393069,False,Not significant
Gene0888,63.48500884004778,-0.007977624934716784,0.28267258403759477,-0.05931604089036166,0.9527003848274354,0.9981999099393069,False,Not significant
Gene0344,44.80545701281287,-0.0029001098938548344,0.22710177242043977,-0.022366370198138787,0.9821557063315215,0.9981999099393069,False,Not significant
Gene0393,67.76155204122178,0.006810758788877445,0.22365708421030656,0.046739723984864874,0.9627206697655255,0.9981999099393069,False,Not significant
Gene0265,41.00653611803899,-0.005167925657917918,0.224750905602655,-0.03801508045872807,0.969675658252081,0.9981999099393069,False,Not significant
Gene0286,23.375532927513902,0.008216233210411218,0.25817227341852006,0.057048652397647746,0.9545064392098602,0.9981999099393069,False,Not significant
Gene0195,369.77998248173935,0.003135400160729777,0.2469002875287788,0.019967023621950374,0.9840696786560407,0.9981999099393069,False,Not significant
Gene0302,217.65076656838804,0.004034172118303339,0.2734340202045897,0.02657286257617829,0.9788004181411011,0.9981999099393069,False,Not significant
Gene0318,32.320772893085866,-0.006313850776347696,0.22650066926385218,-0.04605065800822891,0.9632698734563635,0.9981999099393069,False,Not significant
Gene0950,70.69450862382887,-0.004276813727088507,0.21088747938061847,-0.032334366799524276,0.9742054027826665,0.9981999099393069,False,Not significant
Gene0339,173.90500236159048,0.004861413442859262,0.2491487089385943,0.03287081934363543,0.9737776030060818,0.9981999099393069,False,Not significant
Gene0361,185.14854808681147,0.009151467955118528,0.24902178615296047,0.06166030542845872,0.9508333514675779,0.9981999099393069,False,Not significant
Gene0363,134.3698542177771,0.008192723158719916,0.34844480215174894,0.0627041368700981,0.950002103132664,0.9981999099393069,False,Not significant
Gene0407,19.956241446453298,0.003626887404049024,0.27009298933736337,0.024873653334570773,0.9801557423238538,0.9981999099393069,False,Not significant
Gene0104,994.7065922452208,0.004691317127208882,0.2576907155839213,0.03038056021072874,0.9757635484036984,0.9981999099393069,False,Not significant
Gene0983,33.08729903875804,0.0038254471479090314,0.22759891022720932,0.025025559933648044,0.9800345761116978,0.9981999099393069,False,Not significant
Gene0977,186.00857683397155,-0.0019018353747710672,0.24175905657619143,-0.015263060455065007,0.9878223125352095,0.9985353940369248,False,Not significant
Gene0834,57.86558007909528,-0.0021449443236092286,0.22360067832947736,-0.017057332596130598,0.9863908776111809,0.9985353940369248,False,Not significant
Gene0992,79.9673471073344,-0.0019370936065233168,0.28341784324455577,-0.014490097435901446,0.988438979537057,0.9985353940369248,False,Not significant
Gene0650,14.494493390402974,0.0021988929134998097,0.27423173771153025,0.014619098750018133,0.9883360622816553,0.9985353940369248,False,Not significant
Gene0997,105.61916980309725,0.00076791571284479,0.2151083885806279,0.004030118198284497,0.9967844396158235,0.999273979131821,False,Not significant
Gene0722,162.24497527561172,0.0012145494359024533,0.26764641773851366,0.005984076767257772,0.9952254260323552,0.999273979131821,False,Not significant
Gene0577,109.22392165391484,-0.0009367817034482845,0.23841387976505707,-0.008946065473927687,0.9928621676878185,0.999273979131821,False,Not significant
Gene0801,16.015846740002353,0.00036197114208386024,0.259837827809281,0.0009099323436418523,0.999273979131821,0.999273979131821,False,Not significant
Gene0790,107.08583010152597,0.001016301987016971,0.23179610840724368,0.005553035922030534,0.9955693411430262,0.999273979131821,False,Not significant
Gene0207,28.69671963221518,-0.0007536248692240928,0.2892111449455065,-0.006900451605779821,0.9944942798948236,0.999273979131821,False,Not significant
Gene0420,230.99065559950395,0.001759859313704043,0.22302396876537883,0.007513009424412232,0.9940055421683205,0.999273979131821,False,Not significant
Gene0231,64.18928414100772,0.0006188090456424196,0.2393222268405614,0.0022213959007834558,0.9982275839650282,0.999273979131821,False,Not significant
Gene0282,9.4691153181728,2.005110989124527e-05,0.280661349599817,-0.0011088994258467981,0.9991152264499619,0.999273979131821,False,Not significant
Gene0271,18.022965020917184,-0.0005158172891526556,0.274507780811035,-0.005698838973328597,0.9954530089806197,0.999273979131821,False,Not significant
