gene_id,baseMean,log2FoldChange,lfcSE,stat,pvalue,padj,significant,direction,true_lfc,truly_changed,class
Gene0035,103.87972381323516,1.7368430142550422,0.2451046431165653,7.402580062751633,1.335636146750607e-13,1.32094414913635e-10,True,Up in treated,1.546,True,Correctly called
Gene0043,2367.9068920268205,1.6415306986021876,0.2489733298067705,7.025521492446563,2.1326817863302826e-12,1.0546111433403247e-09,True,Up in treated,1.864,True,Correctly called
Gene0008,198.88928359971237,1.932950311988352,0.2983584914162328,6.963987452103107,3.307740830219401e-12,1.0904518936956623e-09,True,Up in treated,1.635,True,Correctly called
Gene0014,104.20548214688549,1.734264788979629,0.2781624743998488,6.686420000568622,2.2869607119783815e-11,4.789857490169554e-09,True,Up in treated,1.533,True,Correctly called
Gene0054,93.95710700112691,1.621141241941335,0.256896751573075,6.678041426098416,2.421565970763172e-11,4.789857490169554e-09,True,Up in treated,1.706,True,Correctly called
Gene0012,43.7387801409843,1.8992351835703831,0.3119954986744985,6.490866620053269,8.534401220869695e-11,1.4067538012400214e-08,True,Up in treated,1.613,True,Correctly called
Gene0042,191.32364013970928,1.5611219238750684,0.2602632167677101,6.452834614611591,1.0977714197818793e-10,1.550994191663255e-08,True,Up in treated,1.807,True,Correctly called
Gene0003,132.37272940940264,1.498659932207867,0.2563526319548705,6.27117507793782,3.583334172105683e-10,4.42989687026565e-08,True,Up in treated,1.373,True,Correctly called
Gene0098,160.19986319100948,-1.6206993048944458,0.2817460132795616,-6.230727681220323,4.6427353667192167e-10,4.591665277685305e-08,True,Down in treated,-1.241,True,Correctly called
Gene0100,37.28219333610272,-1.8997114798034225,0.32631558311888,-6.24327345117141,4.2850679178638884e-10,4.591665277685305e-08,True,Down in treated,-1.56,True,Correctly called
Gene0004,210.2781913663964,1.494282971701732,0.2645617632850982,6.094825591168732,1.095568313192156e-09,9.850155106791293e-08,True,Up in treated,1.281,True,Correctly called
Gene0040,102.61512911222128,1.5844530419042726,0.2867372339243042,5.946113109955728,2.74584443433199e-09,2.2630334546286157e-07,True,Up in treated,1.621,True,Correctly called
Gene0006,152.37819785074302,1.6835051838782955,0.3095038130894331,5.901374140995735,3.604863703807595e-09,2.742469386973624e-07,True,Up in treated,2.198,True,Correctly called
Gene0049,233.5637474488977,1.5726282360650787,0.2947705291868304,5.838560706547281,5.265369773758242e-09,3.719607647319215e-07,True,Up in treated,1.51,True,Correctly called
Gene0062,153.99995060630238,-1.3925279621368445,0.2752870296857259,-5.592836817355541,2.233892275874492e-08,1.472879640559915e-06,True,Down in treated,-1.111,True,Correctly called
Gene0038,113.54095742466818,1.3509991954162377,0.2666518944512459,5.498901407805952,3.8216472706421654e-08,2.362255719165688e-06,True,Up in treated,1.43,True,Correctly called
Gene0085,166.00787583624984,-1.2993384388672924,0.2741265784063179,-5.312681768839663,1.0802358719191233e-07,6.284431043105959e-06,True,Down in treated,-1.305,True,Correctly called
Gene0021,48.45524157209213,1.3448528681965186,0.2833818558911831,5.234425484146626,1.654988201565021e-07,9.093240729710032e-06,True,Up in treated,1.212,True,Correctly called
Gene0086,36.8156256178688,-1.526513183544246,0.329520081281702,-5.140979790919097,2.7330945290693144e-07,1.329123865212688e-05,True,Down in treated,-1.304,True,Correctly called
Gene0017,111.1340996429555,1.4539325870688142,0.3122094123641677,5.146392685989593,2.655432581672599e-07,1.329123865212688e-05,True,Up in treated,1.431,True,Correctly called
Gene0057,39.52943553136701,1.6181028265685928,0.355039966231682,5.134949072267079,2.822204364961218e-07,1.329123865212688e-05,True,Up in treated,1.452,True,Correctly called
Gene0026,122.0000456046932,1.338380145988506,0.2903561072804648,5.122696663759421,3.0119668288894213e-07,1.3540159971689262e-05,True,Up in treated,1.54,True,Correctly called
Gene0034,197.6111257651091,1.5813677032403424,0.350269528895179,5.099934602418515,3.39770856114129e-07,1.403613323375483e-05,True,Up in treated,1.318,True,Correctly called
Gene0059,116.83340539439864,1.279899983486379,0.2810897078033588,5.0994654956215,3.406139510719069e-07,1.403613323375483e-05,True,Up in treated,1.424,True,Correctly called
Gene0058,197.9602658949013,1.5081777267237635,0.3291899625841888,5.077928791009962,3.815716431641255e-07,1.4898199013077172e-05,True,Up in treated,1.305,True,Correctly called
Gene0015,223.306735824,1.5335779720728626,0.3369247958931636,5.072966509900815,3.9166145029323203e-07,1.4898199013077172e-05,True,Up in treated,1.877,True,Correctly called
Gene0070,200.84153727579044,-1.24351856210288,0.275523743788913,-5.035815916791095,4.758176666835814e-07,1.7429024901854147e-05,True,Down in treated,-0.972,False,False positive
Gene0097,98.0580672289949,-1.3629521761895205,0.311775713113326,-4.962128407154108,6.972487315439518e-07,2.4627821267748865e-05,True,Down in treated,-1.536,True,Correctly called
Gene0039,29.334173303036877,1.6026054816742417,0.3587792510071803,4.947660318247979,7.511083492956169e-07,2.5615384739771212e-05,True,Up in treated,1.518,True,Correctly called
Gene0073,66.40593150704869,-1.23197138396909,0.2816068374396243,-4.899112054056412,9.6270731956129e-07,3.1737251301537195e-05,True,Down in treated,-1.593,True,Correctly called
Gene0093,71.86172158919491,-1.157148908889365,0.2738738130072585,-4.749431618399617,2.039891568481583e-06,6.50791213299447e-05,True,Down in treated,-1.134,True,Correctly called
Gene0005,71.61698087789382,1.6195732593484575,0.3925391953053581,4.687322723491151,2.76802292020924e-06,8.554920837771682e-05,True,Up in treated,1.755,True,Correctly called
Gene0090,131.59140240984297,-1.4261978843053642,0.3571416278231304,-4.627034516113923,3.7093871345659054e-06,0.0001111692083662,True,Down in treated,-1.084,True,Correctly called
Gene0074,67.11646083142732,-1.2523233736726642,0.308716337776581,-4.6049833150087975,4.124989322222667e-06,0.0001199886599905,True,Down in treated,-1.262,True,Correctly called
Gene0075,473.1206647033593,-1.1898796471973188,0.2941780444297235,-4.593293627632638,4.363044773438314e-06,0.0001232871794551,True,Down in treated,-1.088,True,Correctly called
Gene0078,52.65391801675367,-1.2566670803232294,0.3231769052285523,-4.5323402240647495,5.83337957921223e-06,0.0001602559001066,True,Down in treated,-1.7,True,Correctly called
Gene0010,232.11380281746085,1.4279972041823676,0.3626559618220323,4.500213282237131,6.788531424245541e-06,0.0001814556102318,True,Up in treated,1.529,True,Correctly called
Gene0002,265.12914922708325,1.3723224879691884,0.3590345679712485,4.394725405593954,1.1091286477025088e-05,0.0002886653243625,True,Up in treated,1.37,True,Correctly called
Gene0053,68.60634489824785,1.3110218290821598,0.3500311489168701,4.345539228757686,1.3893393856563038e-05,0.0003523222185677,True,Up in treated,1.365,True,Correctly called
Gene0079,16.771309474501756,-1.4627617456117938,0.3931850760251221,-4.327478421767849,1.5082611613701373e-05,0.0003638220216085,True,Down in treated,-1.488,True,Correctly called
Gene0051,264.49766759005576,1.1030721097113234,0.2918332380278441,4.332173872791743,1.4764426781082237e-05,0.0003638220216085,True,Up in treated,1.247,True,Correctly called
Gene0099,62.18398084545302,-1.048379057504574,0.2832956744828258,-4.311327138775506,1.6227761047594108e-05,0.0003821251351445,True,Down in treated,-1.157,True,Correctly called
Gene0092,45.648985584263976,-1.2180370457222809,0.3368124281922476,-4.263412274627162,2.0132856251489247e-05,0.0004630556937842,True,Down in treated,-1.317,True,Correctly called
Gene0036,124.39936792395696,1.2559428874005747,0.3481698885983972,4.251083403898458,2.1273892135651908e-05,0.0004781790755036,True,Up in treated,1.322,True,Correctly called
Gene0095,30.152144498927683,-1.33747466461884,0.370244430488607,-4.22984266834408,2.338548077797401e-05,0.0005139608997648,True,Down in treated,-1.236,True,Correctly called
Gene0080,58.53305722379549,-1.0758751126955777,0.2993429418244263,-4.186169634674399,2.837013560684257e-05,0.0006099579155471,True,Down in treated,-1.404,True,Correctly called
Gene0052,83.42774208993052,1.162590492393463,0.3313354223487886,4.153471575705226,3.27468906446402e-05,0.0006890781882457,True,Up in treated,1.343,True,Correctly called
Gene0067,63.96213714182022,-1.214537035999352,0.3545086234734582,-4.130488820314084,3.6199269965333566e-05,0.0007458557915773,True,Down in treated,-1.237,True,Correctly called
Gene0025,367.2659394889209,1.2289195441712744,0.3718000263355954,4.069032240382562,4.7208815166508e-05,0.0009528473101974,True,Up in treated,1.395,True,Correctly called
Gene0060,88.67921906033327,1.029073092212178,0.2990067708054303,4.045657436756116,5.217648559495684e-05,0.0010203867319927,True,Up in treated,1.209,True,Correctly called
Gene0047,115.40153811648943,1.0456620299709776,0.3030926831646728,4.043680879754902,5.261852713006125e-05,0.0010203867319927,True,Up in treated,1.256,True,Correctly called
Gene0023,660.0913628646789,1.113351469813741,0.3287222473861447,4.024983778959784,5.6979242942383785e-05,0.0010837013705772,True,Up in treated,1.117,True,Correctly called
Gene0066,151.64147487911188,-0.9602781501659036,0.2960216087074467,-3.965188948468697,7.333783050101822e-05,0.001368511591802,False,Not significant,-1.334,True,Missed (false negative)
Gene0065,40.145119642529245,-1.0331103465167597,0.3162015888249467,-3.897331709996789,9.725836285624704e-05,0.0017812689049042,True,Down in treated,-1.151,True,Correctly called
Gene0022,421.5259015197908,1.0955424830655078,0.3481300910487739,3.860696754897713,0.00011306415399,0.0020330990599304,True,Up in treated,1.209,True,Correctly called
Gene0064,14.390669402892984,-1.3932626448486207,0.4401914370519748,-3.856283670300391,0.0001151238856985,0.002033170052784,True,Down in treated,-1.647,True,Correctly called
Gene0007,197.76164756492747,0.900206759304239,0.2842665811872993,3.7854168513780806,0.0001534511370279,0.0026625118336959,False,Not significant,0.842,False,Correctly not called
Gene0030,341.1776699261314,0.8129844613196,0.2543871460071827,3.774091611279897,0.0001605917439668,0.0027383661169519,False,Not significant,1.423,True,Missed (false negative)
Gene0056,199.27140976825717,0.9283544821913872,0.3010704778128851,3.7308524921601527,0.0001908329374118,0.0031988775440735,False,Not significant,1.244,True,Missed (false negative)
Gene0041,67.06283053373876,0.966855698191728,0.3159544857760822,3.696274667797879,0.0002187862673923,0.0036063269741844,False,Not significant,1.211,True,Missed (false negative)
Gene0077,132.6154621163499,-1.1032673049322828,0.3965665322232507,-3.67502781894436,0.0002378234997675,0.0038558596929533,True,Down in treated,-0.755,False,False positive
Gene0076,37.13780197675377,-1.005560781017865,0.3392498395657904,-3.668775395887599,0.0002437150704388,0.0038876484623223,True,Down in treated,-1.39,True,Correctly called
Gene0020,42.537194681894434,1.0857444831194751,0.3740103346245813,3.654761468447135,0.0002574211992093,0.0040411042225092,True,Up in treated,1.612,True,Correctly called
Gene0087,48.37259154951431,-1.0098647504929792,0.3681862706787609,-3.484579323546398,0.0004929113331012,0.0074998355144181,True,Down in treated,-1.177,True,Correctly called
Gene0088,38.09215783938598,-0.8892087069002431,0.3191422952042937,-3.488154037755546,0.0004863677899759,0.0074998355144181,False,Not significant,-1.57,True,Missed (false negative)
Gene0045,259.58830568666485,0.8980764381109176,0.3245340837487134,3.471661460766626,0.0005172481771427,0.0077508855635488,False,Not significant,0.95,False,Correctly not called
Gene0055,36.53412248297546,0.919523896766826,0.3316213839619574,3.4469401675235267,0.0005669741330214,0.008369215187436,False,Not significant,1.153,True,Missed (false negative)
Gene0091,213.33282542983292,-0.802408765083415,0.2872451703888161,-3.4383724885725604,0.0005852220818761,0.0085115388084637,False,Not significant,-1.217,True,Missed (false negative)
Gene0050,201.90218503940136,0.8459806095189131,0.3099251818590278,3.393664458458697,0.0006896413551752,0.0098848594241788,False,Not significant,1.429,True,Missed (false negative)
Gene0046,1854.9499635104603,0.9181774005028088,0.3426912008290242,3.3788588009717597,0.0007278738185422,0.0102838172362614,False,Not significant,1.415,True,Missed (false negative)
Gene0001,15.92860931265466,1.0574589050296093,0.399868311349373,3.3718342270955386,0.0007466937747017,0.0104011287771841,True,Up in treated,1.374,True,Correctly called
Gene0089,184.072398737316,-0.6739123044053389,0.2502196846349636,-3.296685341348613,0.0009783304032387,0.0134384551222655,False,Not significant,-1.23,True,Missed (false negative)
Gene0063,20.21873071338794,-0.890798845741137,0.3602554966485554,-3.232432627460507,0.0012274107505602,0.0166288935932067,False,Not significant,-1.165,True,Missed (false negative)
Gene0048,71.47955907608859,0.9041626086363888,0.3708111234522652,3.213984201193138,0.0013090687588737,0.0174955270611639,False,Not significant,1.386,True,Missed (false negative)
Gene0094,85.27414172116546,-0.712300832348671,0.3058090602938081,-3.096315639483144,0.001959416645648,0.0258381741672787,False,Not significant,-1.159,True,Missed (false negative)
Gene0430,44.29136195068008,0.7023685295572566,0.3097129299492236,2.9828781604620653,0.0028555164404173,0.0371592863101674,False,Not significant,0.0,False,Correctly not called
Gene0725,36.84958638182967,0.7095805482449183,0.3348058943761113,2.94799453066167,0.0031984272342371,0.0405544171110324,False,Not significant,0.0,False,Correctly not called
Gene0240,78.44064430181513,-0.672067999376494,0.3080385391933351,-2.9497778146185927,0.0031800252830709,0.0405544171110324,False,Not significant,0.0,False,Correctly not called
Gene0033,15.720902600723544,0.8135671931435302,0.3840010479160987,2.9382753607784573,0.0033004374171475,0.0413181342475809,False,Not significant,1.322,True,Missed (false negative)
Gene0029,35.7473415727333,0.7355375140267393,0.3395382690794929,2.932066484263125,0.0033671465554957,0.0416263492923159,False,Not significant,1.187,True,Missed (false negative)
Gene0024,43.19032089363602,0.7850770067536583,0.3986991616534451,2.895263560232758,0.0037884030505309,0.0462559335429031,False,Not significant,1.064,True,Missed (false negative)
Gene0084,124.3474774239449,-0.6769924899078879,0.3379132154143567,-2.8778788077850166,0.0040035891394759,0.0477882545065447,False,Not significant,-1.096,True,Missed (false negative)
Gene0096,16.180727263945,-0.756462219030689,0.3691068514609718,-2.877331442088166,0.0040105410758778,0.0477882545065447,False,Not significant,-1.046,True,Missed (false negative)
Gene0072,27.91224512920085,-0.7293919669957224,0.3619983646025471,-2.855459951745845,0.0042974542333463,0.0505974075807084,False,Not significant,-1.398,True,Missed (false negative)
Gene0071,110.14529667110924,-0.6392914103621824,0.3179328107985504,-2.808385016401308,0.0049790659486075,0.0579328967432098,False,Not significant,-0.934,False,Correctly not called
Gene0848,44.446054113698295,0.5848034748031089,0.2946838971091455,2.7079311654833798,0.0067704063109157,0.0778596725755315,False,Not significant,0.0,False,Correctly not called
Gene0032,189.06469699058903,0.6554974706631469,0.3652724582095073,2.69589146079061,0.0070200537099984,0.0798026795309015,False,Not significant,1.014,True,Missed (false negative)
Gene0031,561.5225470180707,0.6209460218701666,0.3870755993962717,2.6693187493399275,0.0076005282529189,0.0854195732061001,False,Not significant,1.084,True,Missed (false negative)
Gene0019,63.77933243586227,0.6078919997909169,0.3306227915432036,2.6417248923771437,0.0082485025387308,0.0916603259640991,False,Not significant,1.025,True,Missed (false negative)
Gene0827,93.39374547953734,-0.5686974841939875,0.3120886148988233,-2.627280254918089,0.0086070413452297,0.0945818210048022,False,Not significant,0.0,False,Correctly not called
Gene0440,249.906854231172,-0.4718451217195418,0.2426063211974453,-2.587860055681389,0.0096574206977091,0.104958121648729,False,Not significant,0.0,False,Correctly not called
Gene0082,137.11233816926006,-0.4748806632550172,0.2437807563932228,-2.569796996668918,0.0101758125197221,0.1093899845870133,False,Not significant,-1.127,True,Missed (false negative)
Gene0908,141.50422104766872,0.5399234100062419,0.2997491577618256,2.5505447642753727,0.0107554710901877,0.1143780742816736,False,Not significant,0.0,False,Correctly not called
Gene0368,42.59861822438782,0.5443028722138444,0.3107830431735867,2.521493287812728,0.0116857904903434,0.1219426794320615,False,Not significant,0.0,False,Correctly not called
Gene0134,102.48065820182345,0.5399571901014213,0.3110499636899718,2.520662860785356,0.0117134019676904,0.1219426794320615,False,Not significant,0.0,False,Correctly not called
Gene0751,125.5949834815644,-0.5874273393006941,0.4016481260616856,-2.5022554700338824,0.0123404841094052,0.1249895778678426,False,Not significant,0.0,False,Correctly not called
Gene0199,41.95093786105378,-0.5608835548352559,0.3444161398183378,-2.500974316214217,0.0123852160071269,0.1249895778678426,False,Not significant,0.0,False,Correctly not called
Gene0061,10.301452825219014,-0.6518406402850198,0.4394448553439755,-2.5018101452557464,0.0123560165139905,0.1249895778678426,False,Not significant,-1.286,True,Missed (false negative)
Gene0228,402.8538042341047,0.561153739644602,0.3556972538199348,2.492998127065219,0.0126669514415395,0.1253672705882919,False,Not significant,0.0,False,Correctly not called
Gene0778,49.60216479434422,0.5252398849958588,0.3041412498604683,2.4892045948107806,0.0128029265211501,0.1253672705882919,False,Not significant,0.0,False,Correctly not called
Gene0349,411.58281087570026,-0.5610758467712555,0.3688583002904673,-2.491502508371628,0.0127204068891522,0.1253672705882919,False,Not significant,0.0,False,Correctly not called
Gene0222,113.52151436216582,-0.4839922132134057,0.2740841178265453,-2.4695941825147862,0.0135266406063027,0.1311553682317001,False,Not significant,0.0,False,Correctly not called
Gene0471,702.801697717938,-0.445014902117641,0.2403100829277697,-2.4613596282474832,0.013841154837376,0.1329019624676208,False,Not significant,0.0,False,Correctly not called
Gene0081,88.68702691026033,-0.5583397673742505,0.3736611656930022,-2.422481228227222,0.0154149221546715,0.1465899808747129,False,Not significant,-1.255,True,Missed (false negative)
Gene0152,152.1072017297703,-0.439602925881249,0.2442521278132416,-2.418369933743895,0.0155902180348099,0.1468450060612101,False,Not significant,0.0,False,Correctly not called
Gene0279,52.19768441144385,0.5446601586831827,0.3567319251152999,2.405541456218127,0.0161485196409348,0.1506687351404199,False,Not significant,0.0,False,Correctly not called
Gene0656,49.271194983167554,0.4480199597538871,0.2568936271807738,2.390033192555558,0.0168468501603167,0.1557152785846098,False,Not significant,0.0,False,Correctly not called
Gene0009,558.5679047394656,0.4622276714342359,0.2792461633021728,2.382821949562574,0.0171805017014055,0.157328853543427,False,Not significant,0.971,False,Correctly not called
Gene0579,13.720062361418371,0.5617844491227262,0.3966259989532349,2.377279498288775,0.0174408671052286,0.1582478675878083,False,Not significant,0.0,False,Correctly not called
Gene0746,33.222153316288065,-0.4724097892108472,0.3000314904718156,-2.3356491640795007,0.0195095339975835,0.1754084465782741,False,Not significant,0.0,False,Correctly not called
Gene0757,75.63983228718762,-0.4675828168438961,0.3129007359861143,-2.302054491309963,0.0213320993896573,0.1900670837510915,False,Not significant,0.0,False,Correctly not called
Gene0139,231.4692059178933,-0.3808366084310599,0.218670196491547,-2.2827948198447565,0.0224424572495369,0.1981749126767146,False,Not significant,0.0,False,Correctly not called
Gene0871,197.66737555425223,-0.402762369835681,0.244098087257826,-2.2645360206681104,0.0235411669082281,0.2042299480020844,False,Not significant,0.0,False,Correctly not called
Gene0166,26.8915262861594,-0.4867708626962755,0.3698752855928081,-2.265602941522772,0.023475704828526,0.2042299480020844,False,Not significant,0.0,False,Correctly not called
Gene0013,54.43090678824743,0.4385428710395377,0.284863414364294,2.2589404387529486,0.0238870900885263,0.2045492706217503,False,Not significant,1.41,True,Missed (false negative)
Gene0193,186.8540789799013,-0.419685663129085,0.2744558404485942,-2.257263362376793,0.0239916232478493,0.2045492706217503,False,Not significant,0.0,False,Correctly not called
Gene0266,177.7656731422071,-0.4059203237161602,0.2532618670437508,-2.2440819586555105,0.024827128532706,0.2098635052892843,False,Not significant,0.0,False,Correctly not called
Gene0028,78.92225079525173,0.4326723461443351,0.3221961404258714,2.1603855718701386,0.0307428334447783,0.2576666294651335,False,Not significant,0.99,False,Correctly not called
Gene0255,22.712627492195505,-0.4198941359993368,0.3058609686861334,-2.137598734476524,0.0325493245496131,0.2705149746182131,False,Not significant,0.0,False,Correctly not called
Gene0448,45.59326043011087,0.4295177613216234,0.368676296911968,2.1222153894846327,0.0338196547938,0.2764267652154401,False,Not significant,0.0,False,Correctly not called
Gene0044,36.44386632429954,0.4324663586405168,0.3647987125357576,2.1250849470995834,0.0335795253832395,0.2764267652154401,False,Not significant,1.227,True,Missed (false negative)
Gene0652,282.1476391515181,-0.395162772716951,0.3005781638720748,-2.1151947045440638,0.0344133560972233,0.278973845738966,False,Not significant,0.0,False,Correctly not called
Gene0532,56.699538668322255,-0.3830267745549612,0.2637443012128028,-2.10575904448585,0.0352252880671044,0.2799469855959606,False,Not significant,0.0,False,Correctly not called
Gene0603,46.17041699556563,0.4284707925612182,0.3452074081017613,2.1039526040389336,0.0353825815970627,0.2799469855959606,False,Not significant,0.0,False,Correctly not called
Gene0529,164.20261021642463,0.391008069537496,0.2796411504027392,2.1087769345047667,0.0349638404464068,0.2799469855959606,False,Not significant,0.0,False,Correctly not called
Gene0741,24.691318241043444,0.4276905513211089,0.3848086263490792,2.095035595260773,0.0361678283717582,0.2838887480926101,False,Not significant,0.0,False,Correctly not called
Gene0304,316.2100068520428,-0.3861709063069405,0.3045739532509039,-2.0715492482841387,0.038307497121079,0.2982167538217322,False,Not significant,0.0,False,Correctly not called
Gene0422,83.94095304872846,-0.3781565235581874,0.2715341943878003,-2.0684651561747707,0.0385963038313263,0.2982167538217322,False,Not significant,0.0,False,Correctly not called
Gene0885,199.75894159337835,0.3617333566547742,0.2523313228521023,2.0500826125732616,0.0403563698256055,0.3070188442886453,False,Not significant,0.0,False,Correctly not called
Gene0027,59.62699011884163,0.3789440050314081,0.2875289593859032,2.0519668642766886,0.0401728828055361,0.3070188442886453,False,Not significant,0.783,False,Correctly not called
Gene0653,96.56009113533126,0.3564574259217271,0.2479254708875048,2.042272629407334,0.0411244955364229,0.3096269238271235,False,Not significant,0.0,False,Correctly not called
Gene0720,86.74654262563858,0.3838589176424883,0.2911857330903689,2.0402509988332773,0.0413253326038223,0.3096269238271235,False,Not significant,0.0,False,Correctly not called
Gene0815,538.5464736222032,-0.3701632967360508,0.2999280272465074,-2.015685398839081,0.0438328833840106,0.3259452756901243,False,Not significant,0.0,False,Correctly not called
Gene0747,15.373722248551935,-0.3967595758168544,0.3701139351783127,-2.009132904240802,0.0445230409427533,0.3286066230774859,False,Not significant,0.0,False,Correctly not called
Gene0648,43.85175444041756,0.3863783722707892,0.3343389649254925,2.0032504844279733,0.0451504093505268,0.3307685544271926,False,Not significant,0.0,False,Correctly not called
Gene0276,11.281903747281218,-0.3900573943722509,0.3765580951679687,-1.9708864831242583,0.0487368615521114,0.3544173240811634,False,Not significant,0.0,False,Correctly not called
Gene0372,93.16570830739904,-0.3382654114884447,0.2466934275161276,-1.966863458351394,0.0491989542850929,0.3551661736347223,False,Not significant,0.0,False,Correctly not called
Gene0287,346.7430427038567,0.3390185867217066,0.2517075173952913,1.959621533853767,0.0500400425443418,0.3586203049011162,False,Not significant,0.0,False,Correctly not called
Gene0237,40.11050439476974,0.3705683185887569,0.3288575494717587,1.9555952515180255,0.0505128527174973,0.3594043981122655,False,Not significant,0.0,False,Correctly not called
Gene0016,39.94180314080956,0.3796190676439175,0.3613294844205688,1.950425023028388,0.0511254817867522,0.3611650106221286,False,Not significant,1.265,True,Missed (false negative)
Gene0437,81.64209193194944,0.3404799168357731,0.2633039215043264,1.9459665504604051,0.0516587577600772,0.3623440526575628,False,Not significant,0.0,False,Correctly not called
Gene0499,70.47637193170125,0.3269227258242948,0.2386668677797919,1.9368500925530967,0.0527636705869976,0.3667106878168024,False,Not significant,0.0,False,Correctly not called
Gene0348,145.9692634154468,-0.3346891481826259,0.2522009699690342,-1.9317232831528257,0.0533936694091198,0.3667106878168024,False,Not significant,0.0,False,Correctly not called
Gene0388,238.3459420547313,-0.3431693739035227,0.307877732754311,-1.9330158260665575,0.0532342482343766,0.3667106878168024,False,Not significant,0.0,False,Correctly not called
Gene0408,355.147396442451,0.3533420996165473,0.3329870596350272,1.9042888800348203,0.0568725716568451,0.3879101611628956,False,Not significant,0.0,False,Correctly not called
Gene0561,62.43940500825493,-0.3468029590513711,0.3099273197150609,-1.895044647334396,0.0580864869252364,0.3934762710209509,False,Not significant,0.0,False,Correctly not called
Gene0387,102.4126418198623,0.3317403532892589,0.2682101133795246,1.889288739659444,0.05885314954861,0.3959575843780634,False,Not significant,0.0,False,Correctly not called
Gene0582,27.63042791805113,0.3466912504506111,0.308440748512822,1.8780896175232935,0.0603689064179369,0.401527571555499,False,Not significant,0.0,False,Correctly not called
Gene0571,114.7469816907115,0.3316223579825885,0.2913734389077,1.87439935836437,0.0608754018755599,0.401527571555499,False,Not significant,0.0,False,Correctly not called
Gene0204,25.390555379703954,-0.3457772141740895,0.3267603544332158,-1.8742278651764952,0.0608990250084174,0.401527571555499,False,Not significant,0.0,False,Correctly not called
Gene0683,93.69197669935689,-0.3335356293862698,0.3175270037789647,-1.854718152410391,0.0636364851923462,0.4167979063260295,False,Not significant,0.0,False,Correctly not called
Gene0832,17.620586636294153,-0.3323696827950984,0.3739248549963469,-1.851288720231364,0.0641280279614983,0.4172540766705387,False,Not significant,0.0,False,Correctly not called
Gene0696,99.51525838124434,-0.3225025100977246,0.2697036632630593,-1.848313084333704,0.0645570639883314,0.4173002371533319,False,Not significant,0.0,False,Correctly not called
Gene0011,117.81419153809496,0.3176563171473036,0.2725241467244143,1.842507040040547,0.0654010177013897,0.4200104318615225,False,Not significant,1.162,True,Missed (false negative)
Gene0575,465.4976596131792,0.299367257676363,0.2300076009164136,1.8285425528117056,0.0674681654096465,0.4304904231621965,False,Not significant,0.0,False,Correctly not called
Gene0113,109.8937667857327,-0.3277790013979926,0.3153596957003564,-1.813011512333483,0.0698300457305057,0.434351668097297,False,Not significant,0.0,False,Correctly not called
Gene0068,22.085070636772095,-0.3309188125204479,0.3029650385497237,-1.820500161369395,0.0686828717039083,0.434351668097297,False,Not significant,-1.427,True,Missed (false negative)
Gene0564,217.1565690598745,0.3249843018778763,0.33355063282808,1.817802709834078,0.0690942923270402,0.434351668097297,False,Not significant,0.0,False,Correctly not called
Gene0907,23.920965796277542,0.3329252046395239,0.3193367754441659,1.8140194446490283,0.0696747322005182,0.434351668097297,False,Not significant,0.0,False,Correctly not called
Gene0816,105.16820873215732,0.3287715683144933,0.3329789896789499,1.803101924379189,0.0713722090010363,0.441169466887656,False,Not significant,0.0,False,Correctly not called
Gene0446,286.5551705483357,0.319833987069521,0.3103541973433801,1.7980861730715971,0.0721633530291345,0.4432891686075405,False,Not significant,0.0,False,Correctly not called
Gene0194,120.36466891002712,0.3052771274268039,0.416641008626157,1.7936067769078925,0.0728759541015963,0.4449032012745602,False,Not significant,0.0,False,Correctly not called
Gene0923,81.73920757995377,0.3132439512184271,0.280578749297073,1.790326418018542,0.0734014516938144,0.4453621823630829,False,Not significant,0.0,False,Correctly not called
Gene0624,92.70855356421612,-0.3170179846124313,0.3142171681345042,-1.777421765374526,0.0754988723227604,0.446703651219142,False,Not significant,0.0,False,Correctly not called
Gene0892,39.47953669870415,-0.314055957231562,0.3263203221365049,-1.773497304699173,0.076146338114867,0.446703651219142,False,Not significant,0.0,False,Correctly not called
Gene0583,7.642080030336326,-0.2835318243295539,0.4403495353317888,-1.781642023860275,0.0748076268309488,0.446703651219142,False,Not significant,0.0,False,Correctly not called
Gene0378,65.45009209423955,-0.3159877897261284,0.292347602621439,-1.7831546275793009,0.0745611360183855,0.446703651219142,False,Not significant,0.0,False,Correctly not called
Gene0159,81.77920656177058,0.3116388268227819,0.2936409497008805,1.7723735140803605,0.076332575385273,0.446703651219142,False,Not significant,0.0,False,Correctly not called
Gene0952,38.88862870909566,0.3189371913361924,0.3229981617312042,1.7772294712335774,0.0755304923804986,0.446703651219142,False,Not significant,0.0,False,Correctly not called
Gene0147,73.18864550114615,-0.2975551691825245,0.340346025053647,-1.7656559054816563,0.077453594681554,0.4505976772944526,False,Not significant,0.0,False,Correctly not called
Gene0695,41.55590413077668,-0.3067306935191133,0.2751519007561884,-1.7614862341438398,0.0781561409156443,0.4520258676349256,False,Not significant,0.0,False,Correctly not called
Gene0795,33.29406736967007,0.3086993095329689,0.3029435059936733,1.7467261960552187,0.080684844091591,0.4595180726373419,False,Not significant,0.0,False,Correctly not called
Gene0958,36.447891933957656,-0.3078385156947334,0.2943257717472329,-1.7458015328718492,0.0808454445287133,0.4595180726373419,False,Not significant,0.0,False,Correctly not called
Gene0103,32.64122859950404,0.3138233974118066,0.3347012643337118,1.7490733933632576,0.0802783336832394,0.4595180726373419,False,Not significant,0.0,False,Correctly not called
Gene0359,51.74769481395083,0.3101970797413987,0.3177630604325803,1.7373259213304262,0.0823296586690097,0.4635802466618234,False,Not significant,0.0,False,Correctly not called
Gene0921,262.6587227154882,0.306073461074153,0.3060272438894715,1.7363747325817227,0.0824975969792527,0.4635802466618234,False,Not significant,0.0,False,Correctly not called
Gene0912,82.52734595955998,0.2976341982577782,0.2757380502446775,1.7257305727701109,0.0843958951715556,0.4637085573592697,False,Not significant,0.0,False,Correctly not called
Gene0712,24.76485112091052,0.3078977754628821,0.3053921305330591,1.7287534941075264,0.0838532227543996,0.4637085573592697,False,Not significant,0.0,False,Correctly not called
Gene0227,207.6948629642801,-0.3014445374090782,0.2873476844720188,-1.7259967295962009,0.0843480011019576,0.4637085573592697,False,Not significant,0.0,False,Correctly not called
Gene0904,104.7293285326132,0.2991816923407248,0.2780257175690438,1.7263527106320506,0.0842839778368265,0.4637085573592697,False,Not significant,0.0,False,Correctly not called
Gene0315,85.79083705611026,0.2980235225212864,0.2799110568841367,1.7200026903403682,0.0854319525499721,0.4668077407288531,False,Not significant,0.0,False,Correctly not called
Gene0534,99.28939921295375,-0.2989037356049833,0.2900079607884069,-1.7169328096773413,0.085991449277177,0.4672832051380665,False,Not significant,0.0,False,Correctly not called
Gene0667,258.9273101174968,-0.2891671505021103,0.2714699084985025,-1.709818413448071,0.0872994569321814,0.4717987044039751,False,Not significant,0.0,False,Correctly not called
Gene0157,238.95704957776024,-0.2784098222894876,0.2390940376226269,-1.6988034332449289,0.0893562265338813,0.4776935569838306,False,Not significant,0.0,False,Correctly not called
Gene0198,153.83711571231632,0.2820983442281277,0.2447088926182564,1.7000272148301516,0.0891258065761686,0.4776935569838306,False,Not significant,0.0,False,Correctly not called
Gene0985,33.41092579095656,0.2919596131956398,0.3228155127049512,1.6754127086805408,0.0938532848358581,0.49586220280598,False,Not significant,0.0,False,Correctly not called
Gene0879,151.20799919714207,0.2814721092249995,0.2854325974795114,1.6737582990092406,0.0941781109735949,0.49586220280598,False,Not significant,0.0,False,Correctly not called
Gene0301,19.66804635132904,-0.2936655721751415,0.3204950413908805,-1.6733473176550329,0.0942589424949689,0.49586220280598,False,Not significant,0.0,False,Correctly not called
Gene0168,48.56499502569715,0.2850802552181117,0.2959484314727879,1.6473680011972605,0.099482428368273,0.5178322192432738,False,Not significant,0.0,False,Correctly not called
Gene0281,9.18484366289288,0.2771552772130515,0.3731171351202839,1.648285872676453,0.0992940223547655,0.5178322192432738,False,Not significant,0.0,False,Correctly not called
Gene0651,110.06740285482398,0.2783944611626424,0.2694376686270647,1.6431119278060728,0.1003597774379947,0.5196639784616588,False,Not significant,0.0,False,Correctly not called
Gene0822,56.11331132738846,-0.2830964585663622,0.3052481653782171,-1.6355261582319045,0.1019387956961725,0.523206063995309,False,Not significant,0.0,False,Correctly not called
Gene0125,5.280663573765604,0.2257930715220275,0.5015609955507264,1.6322306015351091,0.102630916496552,0.523206063995309,False,Not significant,0.0,False,Correctly not called
Gene0640,321.0901714470581,-0.2740395949353489,0.2865611821523017,-1.6327209058792658,0.1025277084903381,0.523206063995309,False,Not significant,0.0,False,Correctly not called
Gene0585,33.069077718609314,-0.2760771570115103,0.3021002827341122,-1.6130172682542536,0.1067407561978481,0.541367219895753,False,Not significant,0.0,False,Correctly not called
Gene0909,97.12334734188312,-0.270614283960745,0.3047926661227934,-1.5901495737079645,0.1118010938756935,0.5638757001925072,False,Not significant,0.0,False,Correctly not called
Gene0649,86.6436721522635,-0.2682358318553767,0.2894292201271554,-1.5878554817972772,0.1123190221819251,0.5638757001925072,False,Not significant,0.0,False,Correctly not called
Gene0733,81.29674775027114,-0.2565070116759659,0.3058094274660246,-1.5824871213534903,0.1135384100439553,0.5671186239064236,False,Not significant,0.0,False,Correctly not called
Gene0793,33.78388389904875,0.2627211056133978,0.2791961796020806,1.563194102791453,0.118006946798211,0.5777666850664889,False,Not significant,0.0,False,Correctly not called
Gene0439,68.04817046908558,0.2567609528449988,0.2594433277853287,1.5660655126575862,0.1173332808529272,0.5777666850664889,False,Not significant,0.0,False,Correctly not called
Gene0754,624.814394792396,0.2604329654567444,0.2619157352062847,1.5662786406119171,0.1172833991693299,0.5777666850664889,False,Not significant,0.0,False,Correctly not called
Gene0037,92.3968131545726,0.2640840668030638,0.2804112881654015,1.565663398437091,0.1174274393112073,0.5777666850664889,False,Not significant,0.958,False,Correctly not called
Gene0940,79.77056818736645,0.2640707371861689,0.3338698208351869,1.5588803821923274,0.1190246943521095,0.57987892962678,False,Not significant,0.0,False,Correctly not called
Gene0799,24.17315570054588,-0.259985117877642,0.2852112522812578,-1.5426351659304358,0.1229193206847507,0.5874585173571183,False,Not significant,0.0,False,Correctly not called
Gene0538,148.45630851650216,0.2438856657816986,0.2286249782250271,1.5424823082552004,0.1229564338654433,0.5874585173571183,False,Not significant,0.0,False,Correctly not called
Gene0560,131.86344300910727,0.2400238668407427,0.2188184622361914,1.543663197273181,0.1226699463937726,0.5874585173571183,False,Not significant,0.0,False,Correctly not called
Gene0802,44.05823731513952,-0.2569183058121583,0.2708404151606707,-1.548310418460232,0.1215475772703937,0.5874585173571183,False,Not significant,0.0,False,Correctly not called
Gene0376,47.083946921273245,-0.2516622560431589,0.3468139082562029,-1.5297479496561073,0.1260791298658989,0.599482016525837,False,Not significant,0.0,False,Correctly not called
Gene0191,241.73546811401715,-0.2401545141617005,0.3116216253027137,-1.5241843838691145,0.1274626578662933,0.603160615453417,False,Not significant,0.0,False,Correctly not called
Gene0955,86.47214749822426,-0.2374814473886189,0.2335624206694138,-1.503280160883485,0.1327668138378613,0.6140352866061118,False,Not significant,0.0,False,Correctly not called
Gene0244,59.53911064307252,-0.2463581808360239,0.2624868892817064,-1.5065350237941375,0.1319298831874471,0.6140352866061118,False,Not significant,0.0,False,Correctly not called
Gene0969,25.924355886215334,-0.2488232723889918,0.2949124698055882,-1.5028990925467702,0.1328650670714943,0.6140352866061118,False,Not significant,0.0,False,Correctly not called
Gene0337,27.182318934142312,0.2500011662190285,0.2751561774879095,1.508040037945757,0.1315442801278881,0.6140352866061118,False,Not significant,0.0,False,Correctly not called
Gene0109,283.9875694610928,-0.2437579467772834,0.2653722680243472,-1.511377671791621,0.1306922548175009,0.6140352866061118,False,Not significant,0.0,False,Correctly not called
Gene0332,292.4784752833455,-0.2487616223743596,0.2873988781948688,-1.499884909776872,0.1336442175291051,0.6142627454641546,False,Not significant,0.0,False,Correctly not called
Gene0685,229.07734554971125,-0.2423004375213379,0.2483142039126477,-1.4979106194466782,0.1341564742368629,0.6142627454641546,False,Not significant,0.0,False,Correctly not called
Gene0436,21.518871495838805,0.2495308385279402,0.2995439603242589,1.4912160790787994,0.1359047735116681,0.6194000967882016,False,Not significant,0.0,False,Correctly not called
Gene0792,35.55910877236341,0.2450672923903747,0.314704989144039,1.4831089133619992,0.1380454762284698,0.6262705320640216,False,Not significant,0.0,False,Correctly not called
Gene0723,27.03058341109093,0.1564731368473536,0.7874235330072894,1.4731586993010943,0.1407082486005223,0.6354358806662856,False,Not significant,0.0,False,Correctly not called
Gene0808,128.8841496246978,-0.2283276999358473,0.2241086118309677,-1.4684592682730162,0.1419795125329302,0.6378126345304144,False,Not significant,0.0,False,Correctly not called
Gene0959,530.6884933029279,0.2384298537680866,0.2835293141613535,1.4664550434457713,0.1425243601933484,0.6378126345304144,False,Not significant,0.0,False,Correctly not called
Gene0657,536.4428981426871,-0.2226624554677134,0.2171143577827693,-1.4499725179301686,0.1470661830531201,0.6551732208988101,False,Not significant,0.0,False,Correctly not called
Gene0961,25.941218478177365,-0.2360154943229736,0.297918746710231,-1.4453729122380905,0.1483531677641319,0.6564708799562334,False,Not significant,0.0,False,Correctly not called
Gene0590,53.77095254860554,-0.2350378620538975,0.2807340633018968,-1.437146646192466,0.1506763293731698,0.6564708799562334,False,Not significant,0.0,False,Correctly not called
Gene0826,64.44944662836886,-0.2332907258912482,0.3049568984713429,-1.439418630609938,0.1500319489154337,0.6564708799562334,False,Not significant,0.0,False,Correctly not called
Gene0830,247.66060821523297,0.2356625866108605,0.2748090491806734,1.439936754565547,0.1498852932773899,0.6564708799562334,False,Not significant,0.0,False,Correctly not called
Gene0257,35.28149864715508,0.2364049788573357,0.3056854077267893,1.439876189656552,0.1499024306050609,0.6564708799562334,False,Not significant,0.0,False,Correctly not called
Gene0633,1670.8400437584394,0.2274650784234091,0.2471291376391583,1.4236130402347484,0.1545585188951022,0.6675038217784107,False,Not significant,0.0,False,Correctly not called
Gene0806,210.76776307659824,-0.2306314154235163,0.2764395619486561,-1.423648556328598,0.1545482323960465,0.6675038217784107,False,Not significant,0.0,False,Correctly not called
Gene0515,20.42724906487169,-0.2172483696254685,0.3344790833377353,-1.4145590186176855,0.1571978316608037,0.675950676141456,False,Not significant,0.0,False,Correctly not called
Gene0177,170.55188485509103,0.2267253162945235,0.2566872111544186,1.4104726075108591,0.1584001792662975,0.6781721960795165,False,Not significant,0.0,False,Correctly not called
Gene0314,14.37729928419013,-0.220853574446279,0.3414935070192655,-1.4009628065052355,0.1612251955844537,0.6785179507788286,False,Not significant,0.0,False,Correctly not called
Gene0797,21.844677543014694,-0.2276533922006114,0.2849324527376752,-1.403106364923447,0.1605851234489073,0.6785179507788286,False,Not significant,0.0,False,Correctly not called
Gene0731,27.00804631476218,-0.2292728255623765,0.2779853808399985,-1.405485639925117,0.1598769165050739,0.6785179507788286,False,Not significant,0.0,False,Correctly not called
Gene0665,30.11114008572446,0.2301809372872601,0.3104656729875169,1.4075207127327376,0.1592730397684981,0.6785179507788286,False,Not significant,0.0,False,Correctly not called
Gene0458,61.79040397763723,-0.22635272644037,0.2747648237610861,-1.398373789586544,0.1620008497497014,0.678893391535825,False,Not significant,0.0,False,Correctly not called
Gene0927,60.13809990817635,0.2230089442786264,0.2681678874868653,1.394781904421042,0.1630816173150071,0.680538900947435,False,Not significant,0.0,False,Correctly not called
Gene0390,77.4518172352398,-0.225026759299635,0.277788653603612,-1.3874185834204236,0.1653141615987867,0.6840824511347285,False,Not significant,0.0,False,Correctly not called
Gene0942,287.5538068102187,-0.2229269361505633,0.3085638356972859,-1.387841123618245,0.1651854293142692,0.6840824511347285,False,Not significant,0.0,False,Correctly not called
Gene0261,35.833547159806386,0.2228720004657803,0.2594057788334291,1.3833546573769246,0.1665561464025322,0.6863501199671017,False,Not significant,0.0,False,Correctly not called
Gene0426,61.98987557937863,0.2172249694062674,0.2402038281373019,1.3774500060836363,0.1683731614287688,0.688103539888646,False,Not significant,0.0,False,Correctly not called
Gene0253,57.12147595021984,-0.220438943031369,0.2794669976935426,-1.3775751054090195,0.1683345114489777,0.688103539888646,False,Not significant,0.0,False,Correctly not called
Gene0705,54.59076398558602,0.2110170509124314,0.2762602957321454,1.3609251337910493,0.1735373498299109,0.694918136691047,False,Not significant,0.0,False,Correctly not called
Gene0771,12.852158664126646,-0.2076817673798888,0.3248438396363222,-1.3569304904992774,0.1748032976386572,0.694918136691047,False,Not significant,0.0,False,Correctly not called
Gene0570,211.3316169848592,-0.2078220702903647,0.2334178216290045,-1.353552853064068,0.1758790771568834,0.694918136691047,False,Not significant,0.0,False,Correctly not called
Gene0247,21.858426901542952,-0.210816899706102,0.3004404378837704,-1.3520981558152614,0.1763439172121985,0.694918136691047,False,Not significant,0.0,False,Correctly not called
Gene0592,50.175609582247525,-0.2126297072342452,0.3223813151450329,-1.352033929696138,0.1763644613846843,0.694918136691047,False,Not significant,0.0,False,Correctly not called
Gene0459,61.28589412940605,0.2115696639558522,0.3268325198227142,1.3550615455494384,0.1753979491398429,0.694918136691047,False,Not significant,0.0,False,Correctly not called
Gene0697,388.029086307038,0.210922258578996,0.2335025454609649,1.3589555117217154,0.1741606865810528,0.694918136691047,False,Not significant,0.0,False,Correctly not called
Gene0866,44.676624346761805,-0.2151333818707045,0.2971050897415441,-1.361572420845926,0.1733328638506469,0.694918136691047,False,Not significant,0.0,False,Correctly not called
Gene0288,42.867763718726,-0.2180504900154352,0.2779493135563257,-1.3535491530794184,0.1758802583052525,0.694918136691047,False,Not significant,0.0,False,Correctly not called
Gene0674,19.86172636787208,-0.2118470702764058,0.3223893322455782,-1.346793743371099,0.178046670352278,0.698420032734763,False,Not significant,0.0,False,Correctly not called
Gene0245,105.40566517762169,0.1972327065229126,0.2991193696159709,1.3448750466961017,0.1786655897693579,0.698420032734763,False,Not significant,0.0,False,Correctly not called
Gene0411,162.02985887327387,-0.2101760239099224,0.2485520162991925,-1.3318878744405116,0.1828970361215354,0.7121463335598367,False,Not significant,0.0,False,Correctly not called
Gene0234,30.42605413488309,-0.2081465659306828,0.2863742080131203,-1.3042424674076432,0.1921509245183085,0.7423330638617466,False,Not significant,0.0,False,Correctly not called
Gene0911,49.56340050198761,0.2033285958387711,0.2800455679869828,1.3056602766378185,0.1916681122845122,0.7423330638617466,False,Not significant,0.0,False,Correctly not called
Gene0479,194.9696165019419,0.1943139362122442,0.3115137924946262,1.2833536239111605,0.1993682136815577,0.7427563631489146,False,Not significant,0.0,False,Correctly not called
Gene0343,105.28925514684602,0.2051286224234634,0.2588111078625293,1.2968203845607211,0.1946929951651479,0.7427563631489146,False,Not significant,0.0,False,Correctly not called
Gene0753,48.41496703090005,0.2022056297648397,0.2566721567772603,1.2822060100463657,0.1997703884811419,0.7427563631489146,False,Not significant,0.0,False,Correctly not called
Gene0814,114.53645683948382,-0.1980900845180725,0.2939397118241997,-1.2897367817001752,0.197142064192715,0.7427563631489146,False,Not significant,0.0,False,Correctly not called
Gene0563,72.63418159448372,-0.1984293692821977,0.2407446489125022,-1.2759964291719277,0.2019567813760464,0.7427563631489146,False,Not significant,0.0,False,Correctly not called
Gene0729,157.17764956756915,-0.2023659635587576,0.2626143956452518,-1.2808280984239022,0.200254052279034,0.7427563631489146,False,Not significant,0.0,False,Correctly not called
Gene0976,43.91783193220254,-0.2026222059367477,0.259067996227892,-1.2885921952626234,0.19753989818169,0.7427563631489146,False,Not significant,0.0,False,Correctly not called
Gene0112,22.011710158627974,0.1962055964087239,0.3206431156049639,1.2758070844050342,0.2020237226360546,0.7427563631489146,False,Not significant,0.0,False,Correctly not called
Gene0442,330.5639257396472,-0.201401431332132,0.2382104514225609,-1.2926657203681478,0.19612669865986,0.7427563631489146,False,Not significant,0.0,False,Correctly not called
Gene0828,40.21166531455572,0.2017943286404673,0.2704709518511737,1.27702758508584,0.2015925086182743,0.7427563631489146,False,Not significant,0.0,False,Correctly not called
Gene0566,352.04867345174534,-0.2026649596995992,0.2914460152679846,-1.2968821437253075,0.1946717412860252,0.7427563631489146,False,Not significant,0.0,False,Correctly not called
Gene0404,100.14298928665828,-0.1982870766354451,0.2388537398948123,-1.2837419582724094,0.1992322581430242,0.7427563631489146,False,Not significant,0.0,False,Correctly not called
Gene0506,76.75130597909896,-0.2047454113178848,0.2926806530119271,-1.299645501387836,0.1937224970255698,0.7427563631489146,False,Not significant,0.0,False,Correctly not called
Gene0726,64.15604253812155,-0.1975934059912433,0.2787259520741836,-1.2672003637895373,0.2050836557441901,0.7512138353000152,False,Not significant,0.0,False,Correctly not called
Gene0755,44.02782116184841,0.193193856537763,0.3243707119409095,1.262490209442139,0.206772447067816,0.7546049821035796,False,Not significant,0.0,False,Correctly not called
Gene0979,292.0334450275912,0.1974336602947979,0.2582977938882955,1.258982204696589,0.2080367595536565,0.7555550398051609,False,Not significant,0.0,False,Correctly not called
Gene0444,69.26326387263218,0.1974416170154775,0.2854971831312987,1.257533010411066,0.2085606934952567,0.7555550398051609,False,Not significant,0.0,False,Correctly not called
Gene0127,98.06546638723655,-0.1950013633969481,0.2797422893239473,-1.2520631256969974,0.2105468627937424,0.7599665959963916,False,Not significant,0.0,False,Correctly not called
Gene0693,579.0332371445842,0.1942135341996553,0.2547343409601529,1.2463520014894978,0.2126351945174638,0.7647134813737153,False,Not significant,0.0,False,Correctly not called
Gene0323,317.0557871017364,-0.1888263265793963,0.2320571653749664,-1.2339912877994206,0.2172061506876589,0.7727226008276786,False,Not significant,0.0,False,Correctly not called
Gene0954,206.6016234950617,0.1946639780809061,0.275015280224758,1.235605555576201,0.2166052186313475,0.7727226008276786,False,Not significant,0.0,False,Correctly not called
Gene0490,19.726692784904845,-0.188914328483253,0.3188350667402993,-1.2358121303205098,0.2165284049489239,0.7727226008276786,False,Not significant,0.0,False,Correctly not called
Gene0188,55.59674102602556,0.1906334566822723,0.282284007511451,1.2296084774706637,0.2188437539249066,0.7757579664219808,False,Not significant,0.0,False,Correctly not called
Gene0203,18.776801149174883,-0.1884945875862086,0.2977273688894646,-1.2272028310252203,0.2197463656549059,0.7761755558310783,False,Not significant,0.0,False,Correctly not called
Gene0324,60.9028809748846,0.1893753998769213,0.3171569311861769,1.2244776973161973,0.2207720746958574,0.7770234230398684,False,Not significant,0.0,False,Correctly not called
Gene0362,39.135649764751726,-0.174571141777263,0.3328394675307556,-1.2177006846738776,0.2233377367921307,0.7832660343525437,False,Not significant,0.0,False,Correctly not called
Gene0146,173.04881054737714,-0.1782833599907486,0.2075698599191643,-1.2131369676624744,0.2250774582619117,0.7845954377758504,False,Not significant,0.0,False,Correctly not called
Gene0865,28.91313022796003,-0.1900205283293862,0.265837977512852,-1.2125460081689592,0.2253034421924585,0.7845954377758504,False,Not significant,0.0,False,Correctly not called
Gene0760,75.73613156739256,0.1888104570782051,0.2723482992032484,1.2016386271409838,0.2295035689282117,0.7964176479649174,False,Not significant,0.0,False,Correctly not called
Gene0707,40.01975862585078,0.1875728469272824,0.2676041451109177,1.1992682538678423,0.2304236550167403,0.7968146671732733,False,Not significant,0.0,False,Correctly not called
Gene0331,35.98108205732435,-0.1857037241759093,0.2479860316648157,-1.197099873061496,0.2312676294514862,0.7969466394687105,False,Not significant,0.0,False,Correctly not called
Gene0569,58.81568226499254,-0.1817227248801204,0.2301246832328395,-1.1927419200792462,0.2329704626632831,0.800027040187455,False,Not significant,0.0,False,Correctly not called
Gene0862,1176.8084218034885,-0.1810691508143917,0.2333186589407859,-1.1877255874356467,0.2349415394931535,0.8040040918987157,False,Not significant,0.0,False,Correctly not called
Gene0647,49.04306706756833,0.179949336626883,0.2373591459302155,1.1732234584893468,0.2407062071782226,0.8152686263673363,False,Not significant,0.0,False,Correctly not called
Gene0484,99.69538502852436,0.1805224829130564,0.2941518231673189,1.1737445501577168,0.2404973601063375,0.8152686263673363,False,Not significant,0.0,False,Correctly not called
Gene0930,208.6396975701401,0.179627395622163,0.2302283865209855,1.1751157292581471,0.2399484185909649,0.8152686263673363,False,Not significant,0.0,False,Correctly not called
Gene0128,112.89622691685364,0.1740269191298317,0.2206328479221286,1.1663994826379551,0.2434529676179264,0.8196701350911034,False,Not significant,0.0,False,Correctly not called
Gene0338,116.8134141542492,0.1734492182928598,0.2121754097558104,1.165879134628197,0.2436633161949286,0.8196701350911034,False,Not significant,0.0,False,Correctly not called
Gene0485,146.49872933390307,0.1723932897980772,0.2305239112242874,1.1342481967903453,0.2566904521842216,0.8469775712723483,False,Not significant,0.0,False,Correctly not called
Gene0859,100.17911665915932,-0.1745234173857403,0.2521911162980955,-1.1319418116277522,0.257658898720923,0.8469775712723483,False,Not significant,0.0,False,Correctly not called
Gene0531,56.89289135990041,-0.171273550635426,0.2885744809470478,-1.1379278847704604,0.2551505964180195,0.8469775712723483,False,Not significant,0.0,False,Correctly not called
Gene0765,197.1062889664828,0.1728579868078466,0.2471934078264102,1.132727810944404,0.257328574878075,0.8469775712723483,False,Not significant,0.0,False,Correctly not called
Gene0600,73.95886323048718,0.1747286376993695,0.2991003185275732,1.1437829880622632,0.2527136466718833,0.8469775712723483,False,Not significant,0.0,False,Correctly not called
Gene0869,55.51817247695735,-0.1640547438257294,0.3154430660781702,-1.1407064183848807,0.2539921147174139,0.8469775712723483,False,Not significant,0.0,False,Correctly not called
Gene0783,17.89358784287011,-0.1649221947876921,0.2905077034239505,-1.129629961740639,0.2586321805098576,0.8469775712723483,False,Not significant,0.0,False,Correctly not called
Gene0214,158.53793257037168,-0.1698665738194799,0.2439171704929995,-1.1311554152415826,0.2579896836806361,0.8469775712723483,False,Not significant,0.0,False,Correctly not called
Gene0837,34.569550301949896,0.173924033605922,0.2804605760933782,1.1244868205626066,0.2608065585250789,0.8497761770284716,False,Not significant,0.0,False,Correctly not called
Gene0434,180.90876976430727,-0.1696921216200553,0.2280252952411119,-1.1235470846051585,0.2612052151836758,0.8497761770284716,False,Not significant,0.0,False,Correctly not called
Gene0369,322.31799951176663,0.1697632842630973,0.235399552904427,1.1136778000134857,0.265417436498888,0.8552774443307929,False,Not significant,0.0,False,Correctly not called
Gene0551,41.77638306676641,-0.1690542490334342,0.2717196758048662,-1.1126133923529042,0.2658745061714553,0.8552774443307929,False,Not significant,0.0,False,Correctly not called
Gene0246,298.822751725001,-0.1674789890401558,0.2296009394199117,-1.1114949516905956,0.2663553618340588,0.8552774443307929,False,Not significant,0.0,False,Correctly not called
Gene0642,69.41059255351043,0.1716503243716337,0.2514213725706822,1.1125128693402666,0.2659176999716159,0.8552774443307929,False,Not significant,0.0,False,Correctly not called
Gene0205,26.287420908286357,-0.1690193416617015,0.2806107447925668,-1.1049011131435873,0.2692024400487152,0.8555730647962522,False,Not significant,0.0,False,Correctly not called
Gene0260,17.740431510401088,-0.162570122479953,0.3337212754419842,-1.108677669291267,0.2675692585941737,0.8555730647962522,False,Not significant,0.0,False,Correctly not called
Gene0106,43.70465696756498,-0.1655862805359587,0.2783638721187821,-1.1023101445956165,0.2703268605341019,0.8555730647962522,False,Not significant,0.0,False,Correctly not called
Gene0903,36.184920885107054,-0.1679678703685093,0.2798636790753416,-1.1012844635574184,0.2707728708606945,0.8555730647962522,False,Not significant,0.0,False,Correctly not called
Gene0576,32.2438183107828,0.1618488550832984,0.3308988368959749,1.104025782491474,0.2695819537135649,0.8555730647962522,False,Not significant,0.0,False,Correctly not called
Gene0438,239.85645482718107,0.1663213238901847,0.2534973048297609,1.096514296481169,0.2728537703587316,0.8594024805247947,False,Not significant,0.0,False,Correctly not called
Gene0395,7.947052144765789,0.1517684953128617,0.3490034578581116,1.0904255728846262,0.2755257220349978,0.8648870606349283,False,Not significant,0.0,False,Correctly not called
Gene0398,182.780999634566,-0.1603543798563146,0.3031919915858467,-1.0885687669759334,0.2763440962190469,0.8648870606349283,False,Not significant,0.0,False,Correctly not called
Gene0477,211.1638308585696,-0.1649540913434309,0.2643556567993534,-1.084293359116505,0.2782347488198031,0.8653275678703941,False,Not significant,0.0,False,Correctly not called
Gene0938,49.71065089855649,-0.1660429644698554,0.2529004255915691,-1.0850013873322863,0.2779210408142584,0.8653275678703941,False,Not significant,0.0,False,Correctly not called
Gene0140,231.47352916985835,-0.1609927090604317,0.246899819105649,-1.0810006632070002,0.279696818621747,0.8671478169809022,False,Not significant,0.0,False,Correctly not called
Gene0358,79.96024410997673,0.1643145855677371,0.2831763094172935,1.0747835550176708,0.2824716447420542,0.8702942574762979,False,Not significant,0.0,False,Correctly not called
Gene0307,42.12219092951706,0.1628604874876744,0.2668626190294185,1.076504188555924,0.2817018286572232,0.8702942574762979,False,Not significant,0.0,False,Correctly not called
Gene0161,130.06092837018747,-0.1633592462361673,0.2610289198049175,-1.0727979177197469,0.2833617952853755,0.8703255140907963,False,Not significant,0.0,False,Correctly not called
Gene0573,15.18819681018954,-0.1493780189040138,0.3019834308565329,-1.0567791825133657,0.2906123772521372,0.876267198482816,False,Not significant,0.0,False,Correctly not called
Gene0847,86.62916789753798,0.1617298211535105,0.2582563421747004,1.060195579583129,0.2890556317190554,0.876267198482816,False,Not significant,0.0,False,Correctly not called
Gene0523,42.430193405023246,0.1565364546316233,0.2825597478845236,1.0572689214191668,0.2903888728457813,0.876267198482816,False,Not significant,0.0,False,Correctly not called
Gene0219,142.9104501656369,0.1530613579103312,0.3368989006027424,1.0573584303115535,0.2903480357646698,0.876267198482816,False,Not significant,0.0,False,Correctly not called
Gene0424,182.1828090369009,-0.1590072930242595,0.2306789686657734,-1.0569617443158674,0.2905290471529375,0.876267198482816,False,Not significant,0.0,False,Correctly not called
Gene0589,112.65055447122732,0.1600454788237602,0.2313296404916334,1.058339325953176,0.2899007701645089,0.876267198482816,False,Not significant,0.0,False,Correctly not called
Gene0894,81.35608108402892,-0.1594487228877362,0.284792316050625,-1.0528885095780407,0.2923920929491977,0.8789537383791994,False,Not significant,0.0,False,Correctly not called
Gene0317,75.96992821680801,-0.1184890874196319,0.338058669345946,-1.0447668103143364,0.2961307579400102,0.8794680055368583,False,Not significant,0.0,False,Correctly not called
Gene0500,106.43434786226804,0.1576023553433331,0.2379872441914762,1.0477471484994172,0.2947551185583065,0.8794680055368583,False,Not significant,0.0,False,Correctly not called
Gene0181,159.33263678910905,-0.1583083968542653,0.2377499812747208,-1.0466520340887573,0.2952600937393372,0.8794680055368583,False,Not significant,0.0,False,Correctly not called
Gene0153,79.08885644368421,-0.1463895885951382,0.3375830107634582,-1.0441695090498508,0.2964069712410659,0.8794680055368583,False,Not significant,0.0,False,Correctly not called
Gene0142,93.99416320451743,0.1499085289817014,0.3571010320998588,1.042868031564488,0.2970094174411635,0.8794680055368583,False,Not significant,0.0,False,Correctly not called
Gene0107,212.41282601170272,-0.1574261779335482,0.2436144921632597,-1.0408626270299484,0.2979393090797743,0.879587990089244,False,Not significant,0.0,False,Correctly not called
Gene0213,33.645150736335744,-0.1469296305134638,0.3460840014423091,-1.0378088538302133,0.2993590540095335,0.8811491202840139,False,Not significant,0.0,False,Correctly not called
Gene0170,17.36001616432113,0.1549863347070107,0.2857902861984995,1.0324971244576773,0.301839294036184,0.885813239767911,False,Not significant,0.0,False,Correctly not called
Gene0396,75.0428892021567,0.1553651272137329,0.2421822580318746,1.0283250683654774,0.3037969428341875,0.8889206404231109,False,Not significant,0.0,False,Correctly not called
Gene0718,24.03992024965842,0.1388868673402722,0.3163769419957404,0.9925595243917984,0.3209246579496896,0.8897220518263103,False,Not significant,0.0,False,Correctly not called
Gene0690,561.3526847909426,-0.1529705914470549,0.2783468576557698,-1.024802648792321,0.3054563163475183,0.8897220518263103,False,Not significant,0.0,False,Correctly not called
Gene0680,13.46594253480088,-0.1366384329848587,0.3038013071782273,-0.963697454193998,0.3351976310705687,0.8897220518263103,False,Not significant,0.0,False,Correctly not called
Gene0686,15.605541287569162,0.1417690648494227,0.2743890912821585,0.9678320032616836,0.3331282778310754,0.8897220518263103,False,Not significant,0.0,False,Correctly not called
Gene0748,37.77509606933368,0.1473049707495632,0.2662192239073471,0.9732953599782506,0.3304065279031922,0.8897220518263103,False,Not significant,0.0,False,Correctly not called
Gene0433,32.36572177148647,0.1478347789346826,0.308583788442737,0.9943938381338696,0.3200311668302819,0.8897220518263103,False,Not significant,0.0,False,Correctly not called
Gene0945,783.8987342737341,0.1384076335662112,0.4025694453592934,1.0145651792093433,0.310313144866331,0.8897220518263103,False,Not significant,0.0,False,Correctly not called
Gene0413,127.3327134222335,-0.1393891211032585,0.2869334015629448,-0.9637306715905786,0.3351809727473936,0.8897220518263103,False,Not significant,0.0,False,Correctly not called
Gene0258,499.9123813741151,0.1462270374295199,0.2448542882142798,0.971903078771263,0.3310987680021361,0.8897220518263103,False,Not significant,0.0,False,Correctly not called
Gene0262,18.632070885035517,-0.1484132445472286,0.2835250750030191,-0.989989424260724,0.3221792882659882,0.8897220518263103,False,Not significant,0.0,False,Correctly not called
Gene0449,164.72591453740787,0.1445391410524298,0.257281963688279,0.962980204809911,0.3355574573621979,0.8897220518263103,False,Not significant,0.0,False,Correctly not called
Gene0460,77.46582194334421,-0.1513780634590991,0.2279945877975739,-1.0124207230276263,0.3113369340841719,0.8897220518263103,False,Not significant,0.0,False,Correctly not called
Gene0270,84.86116084687804,-0.1459873341275562,0.2523889063606833,-0.9747045553295818,0.3297068326889395,0.8897220518263103,False,Not significant,0.0,False,Correctly not called
Gene0283,33.56365289690824,0.1530964232686062,0.2602357136838673,1.015790802854814,0.3097290166166672,0.8897220518263103,False,Not significant,0.0,False,Correctly not called
Gene0441,30.813589674122166,0.1499858431772434,0.2501495068499162,0.9890121703114272,0.32265718720167,0.8897220518263103,False,Not significant,0.0,False,Correctly not called
Gene0290,156.74627519293162,-0.1498969433797523,0.2455276574060146,-0.9953136900771068,0.3195837214984069,0.8897220518263103,False,Not significant,0.0,False,Correctly not called
Gene0226,97.80699768231528,0.1345459142707225,0.2956587618264956,0.9784052885060036,0.3278739136139154,0.8897220518263103,False,Not significant,0.0,False,Correctly not called
Gene0250,15.152211036543846,0.1495670489535429,0.2946421109334498,0.9989233175296794,0.3178318396410877,0.8897220518263103,False,Not significant,0.0,False,Correctly not called
Gene0639,123.8682974232975,0.1493326180787733,0.2716334100286535,0.9910285737188173,0.3216716280098354,0.8897220518263103,False,Not significant,0.0,False,Correctly not called
Gene0775,168.62037253350715,-0.1477763778181961,0.2777297657327602,-0.9937386177962182,0.3203501366173078,0.8897220518263103,False,Not significant,0.0,False,Correctly not called
Gene0476,18.058532207730384,0.1517377330701453,0.2688749520496208,1.0048168198563463,0.3149850632053002,0.8897220518263103,False,Not significant,0.0,False,Correctly not called
Gene0492,99.5493763326628,-0.1503402281776385,0.2295681336616507,-1.0085709411746864,0.3131804493732427,0.8897220518263103,False,Not significant,0.0,False,Correctly not called
Gene0243,88.52462385569142,-0.1400246936274306,0.2880183714728565,-0.9687059363820856,0.3326919298277008,0.8897220518263103,False,Not significant,0.0,False,Correctly not called
Gene0917,103.1361281962207,0.1469851684044772,0.2700709358242907,0.974812734804012,0.3296531589908837,0.8897220518263103,False,Not significant,0.0,False,Correctly not called
Gene0176,26.8337236675067,0.1402268965823035,0.3025649070139948,1.0089888290385471,0.312979991654094,0.8897220518263103,False,Not significant,0.0,False,Correctly not called
Gene0824,91.32337018962768,0.1471688489466885,0.250742549674865,0.9762924792597094,0.328919545812196,0.8897220518263103,False,Not significant,0.0,False,Correctly not called
Gene0554,128.69333556528525,0.1535034841082145,0.2607863498941726,1.014747554695098,0.3102261792743259,0.8897220518263103,False,Not significant,0.0,False,Correctly not called
Gene0167,45.297166438866064,0.155582816780597,0.2536644760456518,1.021112718182429,0.3072010381467462,0.8897220518263103,False,Not significant,0.0,False,Correctly not called
Gene0211,123.17078256374464,0.1511155231998651,0.296616086125191,1.0129096830414233,0.3111033028486678,0.8897220518263103,False,Not significant,0.0,False,Correctly not called
Gene0962,39.809875411042185,-0.1437831387627113,0.2803182017102685,-0.9634576051429008,0.3353179297434346,0.8897220518263103,False,Not significant,0.0,False,Correctly not called
Gene0788,178.0854042886997,-0.1484409421098551,0.2354635345548569,-0.99925071811396,0.3176732522725831,0.8897220518263103,False,Not significant,0.0,False,Correctly not called
Gene0473,159.94631658233962,-0.1421745179486811,0.2868038367006623,-0.9755072064304866,0.3293087287869122,0.8897220518263103,False,Not significant,0.0,False,Correctly not called
Gene0151,372.0473496322048,-0.1511607826404858,0.2725372815856161,-1.0232963937290072,0.3061677283277481,0.8897220518263103,False,Not significant,0.0,False,Correctly not called
Gene0136,338.2677326487282,0.1409672566656297,0.2082659045272382,0.9699037090783058,0.332094491089293,0.8897220518263103,False,Not significant,0.0,False,Correctly not called
Gene0114,21.44626669627661,0.143209683951135,0.2830107253549188,0.9732184774295412,0.3304447293369693,0.8897220518263103,False,Not significant,0.0,False,Correctly not called
Gene0293,80.15312781676383,-0.130975729659878,0.2167440493281527,-0.9007745703800618,0.3677081908713308,0.8929972776588287,False,Not significant,0.0,False,Correctly not called
Gene0670,144.38174046634904,0.1367842227479493,0.2339670916173431,0.9194204662434984,0.3578756884245233,0.8929972776588287,False,Not significant,0.0,False,Correctly not called
Gene0238,182.2154168051251,-0.1376544172211393,0.3121166284030914,-0.9509995601002492,0.3416045991770658,0.8929972776588287,False,Not significant,0.0,False,Correctly not called
Gene0229,8.587900305168729,0.1278681171658065,0.3212822053722436,0.9234412502065726,0.3557773033605544,0.8929972776588287,False,Not significant,0.0,False,Correctly not called
Gene0659,166.40542981374014,0.1317199775901149,0.2819166980914647,0.9437018767331282,0.3453220147144569,0.8929972776588287,False,Not significant,0.0,False,Correctly not called
Gene0926,50.41793631033323,0.134644076153304,0.2526296969769475,0.9003271389976298,0.3679461825990174,0.8929972776588287,False,Not significant,0.0,False,Correctly not called
Gene0767,194.76540708231536,0.1406088630469054,0.2409960073883878,0.9457985222592458,0.344251359450763,0.8929972776588287,False,Not significant,0.0,False,Correctly not called
Gene0752,23.592219777972783,-0.1326316172539349,0.2904122151730913,-0.9069265780626148,0.3644456251744663,0.8929972776588287,False,Not significant,0.0,False,Correctly not called
Gene0463,101.04514020150812,-0.1329723281811832,0.2589887359389404,-0.9194207713895596,0.3578755288785584,0.8929972776588287,False,Not significant,0.0,False,Correctly not called
Gene0268,63.15388458800015,-0.1400964696693567,0.238300642672205,-0.93749632087991,0.3485033153759012,0.8929972776588287,False,Not significant,0.0,False,Correctly not called
Gene0975,130.99931377476202,0.1358600040312466,0.2792340519461409,0.9269209586674916,0.3539675744672398,0.8929972776588287,False,Not significant,0.0,False,Correctly not called
Gene0916,131.4724080168643,-0.127083888952564,0.2815066422752595,-0.9036421266129115,0.3661851958395032,0.8929972776588287,False,Not significant,0.0,False,Correctly not called
Gene0863,89.4473220190552,-0.1405434990057119,0.292815570329792,-0.9520592846091532,0.3410669163862141,0.8929972776588287,False,Not significant,0.0,False,Correctly not called
Gene0179,31.720262254398264,-0.1408601419627337,0.2390110574871217,-0.9398147782290694,0.3473125770827389,0.8929972776588287,False,Not significant,0.0,False,Correctly not called
Gene0886,360.4112830638354,0.1405441048145992,0.2452424407485828,0.9367193686221712,0.3489029305391299,0.8929972776588287,False,Not significant,0.0,False,Correctly not called
Gene0189,90.68212403109636,-0.1354347478899255,0.2451406866050695,-0.9249808112829144,0.3549758888875435,0.8929972776588287,False,Not significant,0.0,False,Correctly not called
Gene0187,23.490548889528853,0.1363477359282293,0.3067488512353322,0.9283792342753642,0.3532108863195489,0.8929972776588287,False,Not significant,0.0,False,Correctly not called
Gene0300,86.21760514153607,0.1302984614420344,0.3079893354282605,0.9104861497084966,0.362566182767311,0.8929972776588287,False,Not significant,0.0,False,Correctly not called
Gene0299,129.4916231869982,0.138083468055483,0.3164710002200849,0.947050706925889,0.3436129410282167,0.8929972776588287,False,Not significant,0.0,False,Correctly not called
Gene0759,142.79835614142846,-0.1317740498576463,0.2046282980748181,-0.9214837863707952,0.3567979024002713,0.8929972776588287,False,Not significant,0.0,False,Correctly not called
Gene0409,40.31582188785029,0.1365044631243476,0.2319949232420378,0.9148664657355636,0.3602617366150262,0.8929972776588287,False,Not significant,0.0,False,Correctly not called
Gene0688,111.23584918735276,-0.1334905121096411,0.2201554495840247,-0.9119589130903748,0.361790346774918,0.8929972776588287,False,Not significant,0.0,False,Correctly not called
Gene0380,29.714622663309854,-0.0944508015836229,0.3404280727104044,-0.9568272380825956,0.3386544617146144,0.8929972776588287,False,Not significant,0.0,False,Correctly not called
Gene0750,328.2041910652717,-0.1376457591401257,0.2482182894272081,-0.923796225032687,0.3555924209998097,0.8929972776588287,False,Not significant,0.0,False,Correctly not called
Gene0394,192.2135359669788,0.1352506755913619,0.2420975282000117,0.9017857667403208,0.3671706820927038,0.8929972776588287,False,Not significant,0.0,False,Correctly not called
Gene0694,42.903989686256416,-0.137640613569888,0.2704489502423234,-0.9217974784416616,0.3566342229804189,0.8929972776588287,False,Not significant,0.0,False,Correctly not called
Gene0340,40.52111689879928,0.1332925266249231,0.2523371159268334,0.8994833943489398,0.3683952368905987,0.8929972776588287,False,Not significant,0.0,False,Correctly not called
Gene0386,320.6455142950078,0.1347323149684722,0.2784428402984681,0.9076018048241272,0.3640886404240684,0.8929972776588287,False,Not significant,0.0,False,Correctly not called
Gene0381,87.98966981940829,-0.1311208202538184,0.2514616228264001,-0.8995398354223074,0.3683651874147157,0.8929972776588287,False,Not significant,0.0,False,Correctly not called
Gene0101,106.81953365179038,-0.141673657501734,0.2466508474557105,-0.9578564494460682,0.3381351496089003,0.8929972776588287,False,Not significant,0.0,False,Correctly not called
Gene0928,13.668741568745924,0.1317106306016744,0.3183810870932953,0.9415071013051122,0.3464450518509461,0.8929972776588287,False,Not significant,0.0,False,Correctly not called
Gene0470,158.7662123278478,0.1408648405159392,0.2557824454138124,0.9374723167673492,0.3485156572193539,0.8929972776588287,False,Not significant,0.0,False,Correctly not called
Gene0493,54.48804591374213,0.1283633125424989,0.3295572987930912,0.9066450694635736,0.364594520176918,0.8929972776588287,False,Not significant,0.0,False,Correctly not called
Gene0855,69.4455518432011,0.1330559300729671,0.2620671532032505,0.9175954883782294,0.3588306807562,0.8929972776588287,False,Not significant,0.0,False,Correctly not called
Gene0537,225.0845248087209,-0.1374257239705672,0.2212687427690608,-0.930472022535666,0.3521267432298891,0.8929972776588287,False,Not significant,0.0,False,Correctly not called
Gene0919,116.89535028183344,0.123833055186402,0.3659492741789,0.8949368111721969,0.3708208674033008,0.8954138973163908,False,Not significant,0.0,False,Correctly not called
Gene0355,526.1650495073842,0.1312067646367425,0.2507696945400308,0.8942223615556164,0.371202930131163,0.8954138973163908,False,Not significant,0.0,False,Correctly not called
Gene0550,26.88565176911393,0.1293975950916432,0.272756736501388,0.8856216834732268,0.3758214230785187,0.8978155988025818,False,Not significant,0.0,False,Correctly not called
Gene0540,198.38542961528427,0.1316385748309149,0.2315473394618395,0.8856061701252138,0.3758297855452668,0.8978155988025818,False,Not significant,0.0,False,Correctly not called
Gene0333,104.59590877892606,0.1281329208343602,0.2770644495617164,0.8879851385143476,0.3745487455113602,0.8978155988025818,False,Not significant,0.0,False,Correctly not called
Gene0541,90.79954776457386,-0.1306737775396158,0.2289753261329552,-0.8905204916092404,0.3731864703400751,0.8978155988025818,False,Not significant,0.0,False,Correctly not called
Gene0947,30.96121428963057,-0.1304772164701413,0.2644864458518076,-0.8789416549353405,0.3794329116107183,0.9005120444691472,False,Not significant,0.0,False,Correctly not called
Gene0774,52.74201317149353,-0.1293798702256877,0.2477728593503159,-0.8784674143908691,0.3796901137953836,0.9005120444691472,False,Not significant,0.0,False,Correctly not called
Gene0973,378.4669463850127,-0.1289304571584654,0.2567247238112712,-0.8793715732443994,0.3791998400156673,0.9005120444691472,False,Not significant,0.0,False,Correctly not called
Gene0208,86.2383836215501,-0.1265153303605081,0.2106153977976136,-0.875356054666172,0.3813802029812569,0.9023565089676152,False,Not significant,0.0,False,Correctly not called
Gene0496,66.2053002759181,0.1254767358139401,0.2078735045719964,0.866310679196806,0.3863198114776059,0.9101640686373108,False,Not significant,0.0,False,Correctly not called
Gene0391,46.60943576067532,0.1249592026655756,0.3179815044952655,0.8653961842758982,0.3868213746016056,0.9101640686373108,False,Not significant,0.0,False,Correctly not called
Gene0435,53.220514443959246,-0.1267111811287696,0.2229221753371048,-0.8636629192401736,0.3877730891592877,0.9101640686373108,False,Not significant,0.0,False,Correctly not called
Gene0800,46.32459562408284,-0.1261018535225721,0.2621691575051932,-0.8625931275054479,0.3883612102780032,0.9101640686373108,False,Not significant,0.0,False,Correctly not called
Gene0616,141.92783850765878,-0.1254392946332634,0.2169666973210717,-0.8598613773892348,0.3898654609003978,0.9115294109467932,False,Not significant,0.0,False,Correctly not called
Gene0488,67.98422330901754,0.122598438120827,0.2676100936999562,0.8479448934378172,0.3964686610987947,0.9118779205272278,False,Not significant,0.0,False,Correctly not called
Gene0780,214.98276640562952,-0.1243521690878688,0.2268234023312264,-0.8488097966263437,0.3959871380211555,0.9118779205272278,False,Not significant,0.0,False,Correctly not called
Gene0924,108.69504350359524,0.1264584780621215,0.2813252989411567,0.8576707824123659,0.3910742778947472,0.9118779205272278,False,Not significant,0.0,False,Correctly not called
Gene0737,79.37528347730644,-0.1231038743948811,0.278696945399713,-0.8510666214815182,0.3947323457938557,0.9118779205272278,False,Not significant,0.0,False,Correctly not called
Gene0809,30.504001875647177,0.1262552497164943,0.2776705323736422,0.8545554405730005,0.3927973048391573,0.9118779205272278,False,Not significant,0.0,False,Correctly not called
Gene0671,29.54271769519088,0.1175560089273217,0.2771792565812629,0.8483814239730175,0.3962255845034855,0.9118779205272278,False,Not significant,0.0,False,Correctly not called
Gene0661,13.380651445556964,-0.1173908335851333,0.2985464231533162,-0.8561536535886521,0.3919127943812639,0.9118779205272278,False,Not significant,0.0,False,Correctly not called
Gene0132,19.062063814611413,-0.1232350092097596,0.2690073169198089,-0.8398183777873575,0.4010102276151666,0.918862886540624,False,Not significant,0.0,False,Correctly not called
Gene0740,445.4787669412938,0.1214419889770968,0.2815278053191467,0.839188092118118,0.4013637684383717,0.918862886540624,False,Not significant,0.0,False,Correctly not called
Gene0714,92.87765168160615,-0.124107921084783,0.2533729310159546,-0.8369638749431833,0.4026128742331482,0.9195938397611628,False,Not significant,0.0,False,Correctly not called
Gene0873,150.6550099877404,0.1210882241710875,0.2771577869235987,0.8306598120348155,0.4061658353710944,0.9225955928377608,False,Not significant,0.0,False,Correctly not called
Gene0875,44.05363049942528,0.1233785796682567,0.2640120853073932,0.8296695169600354,0.4067256607454638,0.9225955928377608,False,Not significant,0.0,False,Correctly not called
Gene0654,193.373437946772,0.1218004134790682,0.2516484689796553,0.8312488258932069,0.4058330772660188,0.9225955928377608,False,Not significant,0.0,False,Correctly not called
Gene0215,176.3813429604281,0.1206303390237824,0.2723381971979032,0.8270040654141715,0.4082347572245067,0.9238997137186206,False,Not significant,0.0,False,Correctly not called
Gene0745,137.0123110131781,0.1139470740502306,0.223097108320093,0.7819027896604354,0.434271705439504,0.9243580566431732,False,Not significant,0.0,False,Correctly not called
Gene0925,61.04630513758446,-0.1132148986081037,0.2444351701482617,-0.7858636668899552,0.4319473623408734,0.9243580566431732,False,Not significant,0.0,False,Correctly not called
Gene0641,195.94426360158548,0.1188686540336624,0.2290099431713162,0.8053889246870705,0.4205952808802291,0.9243580566431732,False,Not significant,0.0,False,Correctly not called
Gene0608,37.195389938748086,0.1184180864307354,0.2356588998696658,0.8019200296766357,0.422599219017051,0.9243580566431732,False,Not significant,0.0,False,Correctly not called
Gene0781,143.94136812509933,-0.1187642730077311,0.2516941343861217,-0.8218364807554535,0.4111699680815205,0.9243580566431732,False,Not significant,0.0,False,Correctly not called
Gene0292,234.0814261386198,0.1171293125340101,0.247839055225771,0.793349049735265,0.4275744867061548,0.9243580566431732,False,Not significant,0.0,False,Correctly not called
Gene0628,50.7490945701295,0.1117046670254315,0.2492424320005174,0.7744127557208422,0.4386867427925666,0.9243580566431732,False,Not significant,0.0,False,Correctly not called
Gene0629,106.80933854985564,-0.117790096570786,0.2493968894766856,-0.8065324818403838,0.4199358868390225,0.9243580566431732,False,Not significant,0.0,False,Correctly not called
Gene0637,121.93042147999869,-0.1102919918113592,0.2050704437708325,-0.7700857084998091,0.4412490529799734,0.9243580566431732,False,Not significant,0.0,False,Correctly not called
Gene0173,29.40360769152851,-0.112372910027695,0.2758858847018481,-0.7739823109760333,0.4389412519197063,0.9243580566431732,False,Not significant,0.0,False,Correctly not called
Gene0856,260.92714585720324,0.1058369757947647,0.2634803139586777,0.7775111061351169,0.4368572845613329,0.9243580566431732,False,Not significant,0.0,False,Correctly not called
Gene0141,176.16493797363646,0.1198939590017179,0.2218805676389641,0.817944188167303,0.4133890569643081,0.9243580566431732,False,Not significant,0.0,False,Correctly not called
Gene0108,89.78536718820608,0.1117959521656689,0.2741335363572156,0.7686783373180304,0.4420842879597785,0.9243580566431732,False,Not significant,0.0,False,Correctly not called
Gene0864,728.2955293684837,0.109681822837642,0.2098415928389907,0.7737916959404664,0.4390539839933024,0.9243580566431732,False,Not significant,0.0,False,Correctly not called
Gene0796,68.91163197381955,-0.1112730797221774,0.2158550608049438,-0.7709237734995108,0.4407521148555205,0.9243580566431732,False,Not significant,0.0,False,Correctly not called
Gene0495,18.056423407475453,0.1155490901658744,0.2700394853789688,0.8009414174430539,0.4231655612292166,0.9243580566431732,False,Not significant,0.0,False,Correctly not called
Gene0586,31.297962032355557,-0.1176154751019182,0.2808413589441315,-0.8164864647893867,0.4142219617564759,0.9243580566431732,False,Not significant,0.0,False,Correctly not called
Gene0957,75.33307015365195,-0.1122193139863265,0.2214068821925293,-0.7709675739018997,0.44072615184025,0.9243580566431732,False,Not significant,0.0,False,Correctly not called
Gene0607,221.2873130648729,0.1157180091778144,0.2364995499698839,0.7895103853541229,0.4298137622770975,0.9243580566431732,False,Not significant,0.0,False,Correctly not called
Gene0553,29.92108915001361,-0.1080162676771413,0.2848642383854465,-0.7708168367279186,0.4408155061076955,0.9243580566431732,False,Not significant,0.0,False,Correctly not called
Gene0844,46.09794322474739,0.1160153864498762,0.2633759518530261,0.7852289297529499,0.4323193564815354,0.9243580566431732,False,Not significant,0.0,False,Correctly not called
Gene0877,67.88132732246525,-0.1154856690789303,0.2429134403684786,-0.7864845076609301,0.4315836917691649,0.9243580566431732,False,Not significant,0.0,False,Correctly not called
Gene0920,139.8872448079117,-0.1139400995772392,0.2610698595215487,-0.8016912385543962,0.4227315851697403,0.9243580566431732,False,Not significant,0.0,False,Correctly not called
Gene0922,212.1016424342205,-0.1155849752369636,0.2122917369132876,-0.8011684573502803,0.4230341291848706,0.9243580566431732,False,Not significant,0.0,False,Correctly not called
Gene0443,162.28785553859947,-0.1134322734128374,0.248127176726852,-0.7829535009416704,0.4336544182647973,0.9243580566431732,False,Not significant,0.0,False,Correctly not called
Gene0900,57.813560679815936,-0.1198537797900073,0.2725827764121926,-0.8239777819430049,0.4099521824077587,0.9243580566431732,False,Not significant,0.0,False,Correctly not called
Gene0679,31.500392641537065,-0.1175307122440682,0.2584457180288249,-0.8103015274078352,0.4177668977099551,0.9243580566431732,False,Not significant,0.0,False,Correctly not called
Gene0425,117.28551314004268,0.1145196157535428,0.2624301788267678,0.7761292563773448,0.4376726709550379,0.9243580566431732,False,Not significant,0.0,False,Correctly not called
Gene0316,330.9443154569896,-0.1170218126556971,0.2543697847314708,-0.7968663806046925,0.4255286379467973,0.9243580566431732,False,Not significant,0.0,False,Correctly not called
Gene0613,48.63576445201684,0.1153197532126522,0.2459993397628343,0.7787987334215822,0.4360982839586518,0.9243580566431732,False,Not significant,0.0,False,Correctly not called
Gene0611,273.68776926293805,-0.1145456323840611,0.2305172246090387,-0.78483748547211,0.4325488588293167,0.9243580566431732,False,Not significant,0.0,False,Correctly not called
Gene0587,53.0766184434573,-0.107703757877451,0.2483327940037058,-0.7760018953739517,0.4377478667535482,0.9243580566431732,False,Not significant,0.0,False,Correctly not called
Gene0825,79.42317360232475,-0.1204045963138344,0.2296093784057743,-0.8185857280789164,0.413022812418203,0.9243580566431732,False,Not significant,0.0,False,Correctly not called
Gene0200,106.62863893917424,0.1082373459249365,0.2570206054824998,0.7858620722560267,0.4319482966598524,0.9243580566431732,False,Not significant,0.0,False,Correctly not called
Gene0514,138.07572318785947,0.10138379279011,0.3807073810617257,0.7802601572633335,0.4352377595267663,0.9243580566431732,False,Not significant,0.0,False,Correctly not called
Gene0605,138.37115098981155,-0.1007924870600303,0.3254319877908942,-0.7813176539950651,0.4346156894239109,0.9243580566431732,False,Not significant,0.0,False,Correctly not called
Gene0638,286.5100312212107,-0.1070245318232895,0.1956770075682339,-0.7622671499558326,0.4459005757493612,0.9275110865265174,False,Not significant,0.0,False,Correctly not called
Gene0456,198.9599019305856,-0.1114074845282468,0.232529471565155,-0.761420845829269,0.446405740330255,0.9275110865265174,False,Not significant,0.0,False,Correctly not called
Gene0996,364.4859298619976,0.1120191028515862,0.2625837532510013,0.7614788255270908,0.4463711214698181,0.9275110865265174,False,Not significant,0.0,False,Correctly not called
Gene0631,40.16229756466635,-0.110021783708696,0.253977654868643,-0.7513492524387412,0.4524424951934807,0.9341662374662888,False,Not significant,0.0,False,Correctly not called
Gene0357,228.9463496106605,0.1097897771976368,0.2394971907743827,0.7515133479094745,0.4523437707525273,0.9341662374662888,False,Not significant,0.0,False,Correctly not called
Gene0303,37.08036960387741,0.1070994630452817,0.2817659287674838,0.7539051353672546,0.4509061867629472,0.9341662374662888,False,Not significant,0.0,False,Correctly not called
Gene0118,32.12672917517956,-0.1083246307038394,0.2739955993829462,-0.7467423361881464,0.4552191090977614,0.9379410393701794,False,Not significant,0.0,False,Correctly not called
Gene0462,69.27977242019679,-0.1017191647054913,0.2560106838074008,-0.7061461643703622,0.4800972455540425,0.939560806149106,False,Not significant,0.0,False,Correctly not called
Gene0267,173.63433380740184,0.0995833161844984,0.2185549099520176,0.6861108384730589,0.4926432167274174,0.939560806149106,False,Not significant,0.0,False,Correctly not called
Gene0507,111.93498208770065,-0.0994294988699585,0.2463806224392745,-0.6822722717990589,0.4950668028538093,0.939560806149106,False,Not significant,0.0,False,Correctly not called
Gene0543,164.68768604986215,-0.1044035907357282,0.2234856617650913,-0.7205090386773464,0.4712116366029045,0.939560806149106,False,Not significant,0.0,False,Correctly not called
Gene0772,248.9993321056576,0.0930197210121382,0.2573552457929035,0.6438568648923984,0.5196682552550319,0.939560806149106,False,Not significant,0.0,False,Correctly not called
Gene0609,495.1797366311539,0.1026965029305252,0.2416697984613033,0.7020210255988282,0.4826660512887991,0.939560806149106,False,Not significant,0.0,False,Correctly not called
Gene0777,81.79364036145095,0.091246350184069,0.3107277062226212,0.6510674952523583,0.5150029179933572,0.939560806149106,False,Not significant,0.0,False,Correctly not called
Gene0259,21.755733401254904,0.0952786837008357,0.2637399945439379,0.6542895989763262,0.5129252455848172,0.939560806149106,False,Not significant,0.0,False,Correctly not called
Gene0256,378.6412141148688,-0.1001863627370467,0.2155476463756454,-0.7008882008837342,0.483372788480348,0.939560806149106,False,Not significant,0.0,False,Correctly not called
Gene0627,273.39316918808447,0.0900427536671614,0.2652725846163971,0.6548952894755768,0.5125351732745437,0.939560806149106,False,Not significant,0.0,False,Correctly not called
Gene0284,123.64296142570524,0.0934053736181912,0.2823084395969326,0.6488608654865871,0.5164283118568721,0.939560806149106,False,Not significant,0.0,False,Correctly not called
Gene0768,97.92161267317806,-0.0912068911380675,0.2062192233239867,-0.6433218991341991,0.5200152493406703,0.939560806149106,False,Not significant,0.0,False,Correctly not called
Gene0274,109.53931822779776,0.0987783935625366,0.2492906718154088,0.674283133763864,0.5001313248729947,0.939560806149106,False,Not significant,0.0,False,Correctly not called
Gene0278,197.39443922561605,-0.0930529349416964,0.1964728263783126,-0.663010150723183,0.5073240530140192,0.939560806149106,False,Not significant,0.0,False,Correctly not called
Gene0677,67.07242936542897,-0.0982215637769471,0.2657189589077102,-0.6823592660047163,0.495011806177221,0.939560806149106,False,Not significant,0.0,False,Correctly not called
Gene0429,49.96238109454598,-0.092872695967387,0.243507796146624,-0.6411454972292415,0.5214281566185027,0.939560806149106,False,Not significant,0.0,False,Correctly not called
Gene0672,25.98297740753375,0.0940042391638181,0.2469121958918748,0.6577063065245119,0.5107268691682958,0.939560806149106,False,Not significant,0.0,False,Correctly not called
Gene0254,42.418963415688616,-0.095236552441279,0.2413790119524036,-0.6555442304353578,0.5121174187860247,0.939560806149106,False,Not significant,0.0,False,Correctly not called
Gene0402,56.49243767170108,0.0912012699863729,0.2673360135606956,0.6476986858222179,0.5171798544032958,0.939560806149106,False,Not significant,0.0,False,Correctly not called
Gene0710,172.2022236837594,0.1050128502090125,0.2329281885042452,0.7181258398025318,0.4726796989414481,0.939560806149106,False,Not significant,0.0,False,Correctly not called
Gene0711,9.47406134167858,0.0974432611156309,0.3052079771145127,0.7036384117418049,0.481657983780777,0.939560806149106,False,Not significant,0.0,False,Correctly not called
Gene0887,148.89653339815965,-0.0947138880929737,0.2292969938604568,-0.652532068045314,0.514057992587957,0.939560806149106,False,Not significant,0.0,False,Correctly not called
Gene0375,148.42458757255784,-0.1054993243915851,0.2330358088131942,-0.72318776185947,0.4695645365398422,0.939560806149106,False,Not significant,0.0,False,Correctly not called
Gene0384,35.182175292136044,0.1022935509151104,0.2528566252885177,0.6979207796841246,0.4852267383580453,0.939560806149106,False,Not significant,0.0,False,Correctly not called
Gene0374,101.01958389567638,-0.0970294751451218,0.2527286447903892,-0.6685941975407812,0.5037543749763822,0.939560806149106,False,Not significant,0.0,False,Correctly not called
Gene0994,132.95424955576036,-0.097672627307677,0.2688561633294684,-0.678185113685854,0.4976543299406053,0.939560806149106,False,Not significant,0.0,False,Correctly not called
Gene0706,158.9509787478025,0.1033422272624504,0.2314552580531631,0.7086127756038493,0.4785648060667204,0.939560806149106,False,Not significant,0.0,False,Correctly not called
Gene0329,36.264644400638325,-0.0969417687206917,0.273277418490836,-0.671657891680505,0.501801514132032,0.939560806149106,False,Not significant,0.0,False,Correctly not called
Gene0730,58.07389826207108,0.0845919619321288,0.2516265073319688,0.6421258695238343,0.5207914602771954,0.939560806149106,False,Not significant,0.0,False,Correctly not called
Gene0346,83.3028136492431,-0.0934934483447454,0.2618904602791083,-0.6819666653284727,0.4952600294146942,0.939560806149106,False,Not significant,0.0,False,Correctly not called
Gene0326,87.78008345828833,-0.1011749213809639,0.2010508970959865,-0.7135560230467933,0.4755017592115733,0.939560806149106,False,Not significant,0.0,False,Correctly not called
Gene0716,71.77405975554372,-0.1060424093403521,0.2284211196194937,-0.7273148764567373,0.4670330869703034,0.939560806149106,False,Not significant,0.0,False,Correctly not called
Gene0457,82.68529437154433,-0.0943020925452774,0.2264359764332664,-0.6535498831118576,0.5134018416296764,0.939560806149106,False,Not significant,0.0,False,Correctly not called
Gene0770,17.13791155479026,-0.0976247557495582,0.2980822943500499,-0.6904182636840754,0.4899311946217022,0.939560806149106,False,Not significant,0.0,False,Correctly not called
Gene0669,91.72741615288294,-0.0914376544224478,0.2487252043865344,-0.6761353392646865,0.4989547213652737,0.939560806149106,False,Not significant,0.0,False,Correctly not called
Gene0889,81.62946290549822,0.0929131672332409,0.2842696013157562,0.6665680046212424,0.505048111954099,0.939560806149106,False,Not significant,0.0,False,Correctly not called
Gene0383,88.43053540087861,0.0941815389217708,0.2231352100852299,0.6482403024069155,0.516829538702424,0.939560806149106,False,Not significant,0.0,False,Correctly not called
Gene0312,226.09772838299304,-0.1002591199085319,0.2350246638152231,-0.6906201297687459,0.4898042939336993,0.939560806149106,False,Not significant,0.0,False,Correctly not called
Gene0311,254.50740075689336,-0.1008120353251726,0.2594145091522087,-0.727817055918056,0.4667255823620556,0.939560806149106,False,Not significant,0.0,False,Correctly not called
Gene0310,48.13043592927792,0.094694431208934,0.2685149787705737,0.6603968098071086,0.5089992188831807,0.939560806149106,False,Not significant,0.0,False,Correctly not called
Gene0951,455.2834095312182,-0.0918496449760262,0.2503702913049178,-0.6617934133412591,0.5081036279604411,0.939560806149106,False,Not significant,0.0,False,Correctly not called
Gene0949,83.31073276772973,0.10832109627195,0.2465585825448291,0.7356388057846664,0.4619505398434091,0.939560806149106,False,Not significant,0.0,False,Correctly not called
Gene0936,305.4442331335708,-0.0986860619254211,0.253873629835512,-0.6844623368726193,0.4936832643344019,0.939560806149106,False,Not significant,0.0,False,Correctly not called
Gene0415,36.83513417031948,0.0959913317509625,0.2423333244847423,0.6641870899062422,0.5065705752665616,0.939560806149106,False,Not significant,0.0,False,Correctly not called
Gene0322,211.0982018096804,0.1019513731224036,0.2566135538281909,0.7064098958304108,0.4799332686306887,0.939560806149106,False,Not significant,0.0,False,Correctly not called
Gene0739,7.829116687245892,-0.0910893558860238,0.3024696918225962,-0.6751922585101875,0.499553624430502,0.939560806149106,False,Not significant,0.0,False,Correctly not called
Gene0804,42.59203429659238,0.1065354235015235,0.2508904847381325,0.7266978608354149,0.4674110641609613,0.939560806149106,False,Not significant,0.0,False,Correctly not called
Gene0223,496.1866530937164,-0.0928104329326316,0.245085465822951,-0.6461726893118687,0.518167524393617,0.939560806149106,False,Not significant,0.0,False,Correctly not called
Gene0224,110.94169022525672,-0.0990010388244758,0.2433982075401716,-0.683955825009675,0.4940030609934283,0.939560806149106,False,Not significant,0.0,False,Correctly not called
Gene0935,15.068199108171532,0.1042060802949989,0.2654375224664803,0.7185370201047534,0.4724262302191062,0.939560806149106,False,Not significant,0.0,False,Correctly not called
Gene0549,211.54752280551796,-0.0996433853809048,0.2506418452906759,-0.695392279546841,0.486809497546752,0.939560806149106,False,Not significant,0.0,False,Correctly not called
Gene0505,34.671218186960694,0.0964695272632017,0.2755169665606681,0.6673044200530794,0.5045777036338338,0.939560806149106,False,Not significant,0.0,False,Correctly not called
Gene0838,170.8407028741169,0.1038284770887671,0.2238494309200877,0.7143285877060644,0.4750240187899206,0.939560806149106,False,Not significant,0.0,False,Correctly not called
Gene0840,23.617585284028348,0.1041112717622193,0.2863292139552952,0.7316115829504976,0.4644056764102774,0.939560806149106,False,Not significant,0.0,False,Correctly not called
Gene0878,101.59709804634038,-0.0978024162504039,0.2315935961813445,-0.672387909459602,0.5013367778382811,0.939560806149106,False,Not significant,0.0,False,Correctly not called
Gene0539,100.20201095665978,-0.0924373021541295,0.2387558654361797,-0.6813104371438216,0.4956750805172759,0.939560806149106,False,Not significant,0.0,False,Correctly not called
Gene0183,36.05109396809371,0.0923061343917391,0.2696041367674099,0.6429630285138072,0.520248090025703,0.939560806149106,False,Not significant,0.0,False,Correctly not called
Gene0558,33.55842609801147,0.0937228932178409,0.2390075880456229,0.6469274760133675,0.5176788822916893,0.939560806149106,False,Not significant,0.0,False,Correctly not called
Gene0593,70.93429970675452,0.0987485989692078,0.2996890547340484,0.6952872296868832,0.486875315658444,0.939560806149106,False,Not significant,0.0,False,Correctly not called
Gene0601,157.2823407583182,0.0995279340575856,0.2156569047151681,0.6934643881893943,0.4880181669121272,0.939560806149106,False,Not significant,0.0,False,Correctly not called
Gene0201,110.80202205545396,-0.1024965934223855,0.2933435441191626,-0.7370917546461431,0.4610665530155122,0.939560806149106,False,Not significant,0.0,False,Correctly not called
Gene0615,93.26524397656446,0.0927429817307742,0.2662339472842253,0.6409487230601687,0.5215559985600193,0.939560806149106,False,Not significant,0.0,False,Correctly not called
Gene0525,25.365578933155344,0.1033264835828023,0.261269755489569,0.7080956424439604,0.4788858654828811,0.939560806149106,False,Not significant,0.0,False,Correctly not called
Gene0526,90.00359572504873,0.1051240772401972,0.2482879321233775,0.7177108451314291,0.4729355949000304,0.939560806149106,False,Not significant,0.0,False,Correctly not called
Gene0512,164.28960909419854,-0.0992214222961246,0.2166990670564184,-0.695414365894307,0.4867956601420284,0.939560806149106,False,Not significant,0.0,False,Correctly not called
Gene0186,128.55146595786576,0.0947773702269585,0.2224995264857615,0.6535372414510938,0.5134099886057386,0.939560806149106,False,Not significant,0.0,False,Correctly not called
Gene0018,264.40015595468225,0.0997255396003485,0.3138242033933424,0.7194266940668598,0.4718780543102987,0.939560806149106,False,Not significant,0.732,False,Correctly not called
Gene0972,69.9641149593322,0.1022609238703927,0.2847784228424814,0.7098592080573811,0.4777914485232439,0.939560806149106,False,Not significant,0.0,False,Correctly not called
Gene0137,32.148084685823655,0.1011659767446689,0.2816613090079884,0.7090792743961456,0.4782752836488038,0.939560806149106,False,Not significant,0.0,False,Correctly not called
Gene0829,44.81759495327096,0.0932688949111116,0.2466512149425501,0.6387752342924163,0.5229691615662426,0.9403936377982072,False,Not significant,0.0,False,Correctly not called
Gene0269,11.382923888377034,-0.0840547703924907,0.3222637600547261,-0.6357745470168102,0.5249233796098252,0.9404630917914378,False,Not significant,0.0,False,Correctly not called
Gene0364,25.2382924681484,-0.0876505839806582,0.2633503475348268,-0.6343375499028439,0.5258605558752933,0.9404630917914378,False,Not significant,0.0,False,Correctly not called
Gene0202,37.32173155043325,-0.0909264966778451,0.2499624720290297,-0.6350762857610701,0.5253786626218196,0.9404630917914378,False,Not significant,0.0,False,Correctly not called
Gene0999,13.72429986854944,-0.0760061738256434,0.2826702464413193,-0.56311506352674,0.573356534710727,0.9409921856535216,False,Not significant,0.0,False,Correctly not called
Gene0998,34.70354311686024,-0.0839918838976877,0.2397146070964425,-0.6066357848043548,0.5440926465292241,0.9409921856535216,False,Not significant,0.0,False,Correctly not called
Gene0144,32.031813151019584,-0.0891824721442087,0.2446635527944887,-0.6153009352359683,0.5383560000528969,0.9409921856535216,False,Not significant,0.0,False,Correctly not called
Gene0521,54.24666850531451,0.0833150230585627,0.2850642693529236,0.5908923838076394,0.5545925293945315,0.9409921856535216,False,Not significant,0.0,False,Correctly not called
Gene0860,37.575818913525296,0.0814362004691555,0.2719781096985889,0.5682408135184188,0.5698714617068265,0.9409921856535216,False,Not significant,0.0,False,Correctly not called
Gene0602,39.15942809052624,0.0886216712614471,0.2533591324126828,0.6115881242237388,0.5408102973049441,0.9409921856535216,False,Not significant,0.0,False,Correctly not called
Gene0836,16.075040539758458,0.0839266104440319,0.3128693121340645,0.6129581152629106,0.5399040349039426,0.9409921856535216,False,Not significant,0.0,False,Correctly not called
Gene0150,84.78748555143524,0.0908839515009734,0.2527300749432104,0.6268966820931722,0.5307269623157083,0.9409921856535216,False,Not significant,0.0,False,Correctly not called
Gene0148,99.96271623858824,-0.0557062114162697,0.5233668513561038,-0.5746410679481893,0.565534071346677,0.9409921856535216,False,Not significant,0.0,False,Correctly not called
Gene0518,32.04287023276631,0.0849015189184551,0.316383263523928,0.6145571662614745,0.5388472093150121,0.9409921856535216,False,Not significant,0.0,False,Correctly not called
Gene0510,31.136464131734147,0.080092516010931,0.2715076229769125,0.5625676725380827,0.5737293103630672,0.9409921856535216,False,Not significant,0.0,False,Correctly not called
Gene0604,8.228738375877429,0.071331056372802,0.2978574526257169,0.5809319577088113,0.5612863128181511,0.9409921856535216,False,Not significant,0.0,False,Correctly not called
Gene0591,43.56832538072285,0.0841166674640291,0.232578449849503,0.5814248870546592,0.5609541283935768,0.9409921856535216,False,Not significant,0.0,False,Correctly not called
Gene0872,293.14458520362894,-0.0895721573080058,0.2394628362909937,-0.6209778353185077,0.5346142067417875,0.9409921856535216,False,Not significant,0.0,False,Correctly not called
Gene0882,35.44571239776429,-0.0877770406516477,0.3043698894636329,-0.6284427452347662,0.5297139425435311,0.9409921856535216,False,Not significant,0.0,False,Correctly not called
Gene0180,87.16828847510995,-0.0816737942658139,0.265885490562451,-0.5828452525456355,0.5599974785091467,0.9409921856535216,False,Not significant,0.0,False,Correctly not called
Gene0196,62.08988132815591,-0.0739346529044525,0.3379460500332226,-0.5680473219099617,0.5700028358030544,0.9409921856535216,False,Not significant,0.0,False,Correctly not called
Gene0472,34.4808886213328,0.0849160443145733,0.2687723255629838,0.5893129513422543,0.5556513583980929,0.9409921856535216,False,Not significant,0.0,False,Correctly not called
Gene0821,513.116144243979,-0.0887948151309665,0.2724595488021495,-0.6208538723097582,0.5346957736467096,0.9409921856535216,False,Not significant,0.0,False,Correctly not called
Gene0397,195.27250833053856,0.0777555190216991,0.2496703942954664,0.5856869948665768,0.55808587517586,0.9409921856535216,False,Not significant,0.0,False,Correctly not called
Gene0277,59.93004920528904,-0.0843037605044316,0.2586016480363308,-0.6089478562746488,0.542559002040863,0.9409921856535216,False,Not significant,0.0,False,Correctly not called
Gene0899,71.1541162188803,-0.0838976516095821,0.250329307223136,-0.5861817346620507,0.5577533947265163,0.9409921856535216,False,Not significant,0.0,False,Correctly not called
Gene0766,547.8376113927907,0.0845211855111835,0.2179581628735977,0.5894807169755818,0.5555388438760382,0.9409921856535216,False,Not significant,0.0,False,Correctly not called
Gene0779,267.8760608152674,-0.082649799784942,0.2363901771092182,-0.572040125819452,0.5672947907452461,0.9409921856535216,False,Not significant,0.0,False,Correctly not called
Gene0431,58.14404707067703,-0.0881375365240349,0.27807157599484,-0.6304337086269277,0.5284108622150425,0.9409921856535216,False,Not significant,0.0,False,Correctly not called
Gene0410,94.09862494007145,-0.0890639271203391,0.2268930569106163,-0.6164240018928016,0.5376147161893423,0.9409921856535216,False,Not significant,0.0,False,Correctly not called
Gene0414,710.0989376063794,-0.0845616476333268,0.2398799483375156,-0.5882003551780979,0.5563978190199825,0.9409921856535216,False,Not significant,0.0,False,Correctly not called
Gene0663,33.39974374393896,-0.0872139693009611,0.2509088674976852,-0.612710209116405,0.5400679708901482,0.9409921856535216,False,Not significant,0.0,False,Correctly not called
Gene0967,74.18765276761827,-0.0869844660120755,0.2295134819011488,-0.6029621175683373,0.546533890699169,0.9409921856535216,False,Not significant,0.0,False,Correctly not called
Gene0445,461.6180541270704,0.0881060381188513,0.2226684635595168,0.613587697616502,0.539487815107773,0.9409921856535216,False,Not significant,0.0,False,Correctly not called
Gene0216,31.155721782915744,-0.0813899597740551,0.2608136045368951,-0.5700879324165414,0.5686180595465876,0.9409921856535216,False,Not significant,0.0,False,Correctly not called
Gene0805,61.08196913078864,-0.0856736642685012,0.2524748856303782,-0.5979897852227859,0.5498467488927609,0.9409921856535216,False,Not significant,0.0,False,Correctly not called
Gene0236,110.85714607124088,-0.0853126815405889,0.2467592063815994,-0.5944832021488338,0.5521889740960353,0.9409921856535216,False,Not significant,0.0,False,Correctly not called
Gene0377,37.95252546595989,-0.0786788610623434,0.2789890397785755,-0.5672490157878043,0.5705450106488709,0.9409921856535216,False,Not significant,0.0,False,Correctly not called
Gene0389,14.782263110934444,0.0789688527413376,0.2700059559036071,0.5883660404279365,0.5562866268473438,0.9409921856535216,False,Not significant,0.0,False,Correctly not called
Gene0116,25.788376707963724,0.0887083531628558,0.2686387350122136,0.6143238480455364,0.5390013465486273,0.9409921856535216,False,Not significant,0.0,False,Correctly not called
Gene0556,97.37217402798244,0.0843280474844854,0.2648966947273842,0.6194844001677576,0.535597295575619,0.9409921856535216,False,Not significant,0.0,False,Correctly not called
Gene0986,141.20923322011336,-0.0851713023357666,0.2039957475166842,-0.6000540043231178,0.5484702449450107,0.9409921856535216,False,Not significant,0.0,False,Correctly not called
Gene0988,68.44744457771715,-0.0810736719162342,0.2448280894224538,-0.5641942887823839,0.5726219142219386,0.9409921856535216,False,Not significant,0.0,False,Correctly not called
Gene0987,396.1016130071996,0.0835795873469042,0.2422052856352722,0.5804138241294177,0.5616355848994723,0.9409921856535216,False,Not significant,0.0,False,Correctly not called
Gene0937,69.29266848617742,0.0824994190001076,0.2726897064998791,0.573905984677065,0.5660314230247376,0.9409921856535216,False,Not significant,0.0,False,Correctly not called
Gene0724,330.85500646650297,-0.0821019083476818,0.264144869806521,-0.6001471182300188,0.5484081930001639,0.9409921856535216,False,Not significant,0.0,False,Correctly not called
Gene0948,78.68066454404429,0.0829517353601969,0.2541734706494596,0.5790531202775869,0.5625533307763317,0.9409921856535216,False,Not significant,0.0,False,Correctly not called
Gene0704,63.29971515000688,0.0825037864992894,0.2388539352393369,0.567990974584667,0.5700410963991611,0.9409921856535216,False,Not significant,0.0,False,Correctly not called
Gene0354,96.33376652604171,0.0808343645702566,0.2345254782580171,0.5650139685917259,0.5720642631181423,0.9409921856535216,False,Not significant,0.0,False,Correctly not called
Gene0891,35.318591559823766,-0.0790817141603677,0.2970993192575893,-0.5761044767097077,0.5645445657356201,0.9409921856535216,False,Not significant,0.0,False,Correctly not called
Gene0895,22.985177274743663,0.0884943897058997,0.2796146173488986,0.6194177479750741,0.5356411921715314,0.9409921856535216,False,Not significant,0.0,False,Correctly not called
Gene0896,87.22195636989646,0.0813164396483441,0.2202782735338981,0.5638241340319771,0.5728738254134416,0.9409921856535216,False,Not significant,0.0,False,Correctly not called
Gene0980,52.166685158438845,-0.084863763573053,0.2379873614562562,-0.5950969456752498,0.5517786701763328,0.9409921856535216,False,Not significant,0.0,False,Correctly not called
Gene0968,176.50039526482672,0.0833325945028495,0.2635311533411648,0.5775596774260183,0.5635614369883866,0.9409921856535216,False,Not significant,0.0,False,Correctly not called
Gene0555,8.572499725572117,0.0748232353945448,0.302898292002983,0.5608563375803582,0.5748954771486324,0.9410532542988465,False,Not significant,0.0,False,Correctly not called
Gene0461,39.86290542083466,0.0812939386777159,0.2309991841530135,0.5597212518844226,0.5756695842778585,0.9410532542988465,False,Not significant,0.0,False,Correctly not called
Gene0174,402.3701594702604,0.0789267174900702,0.1993343356091503,0.5570185753579698,0.577514737914206,0.9425116762329204,False,Not significant,0.0,False,Correctly not called
Gene0481,92.44133861744864,0.0791776837475198,0.2784671778385935,0.5525551387708303,0.580568068068734,0.9443828038647376,False,Not significant,0.0,False,Correctly not called
Gene0769,82.481937254907,0.0778941036554764,0.2753641853204183,0.5511572064659288,0.5815259125921388,0.9443828038647376,False,Not significant,0.0,False,Correctly not called
Gene0910,11.66811340921584,0.0753458301875549,0.298188595243914,0.5512983953894735,0.5814291382905723,0.9443828038647376,False,Not significant,0.0,False,Correctly not called
Gene0155,24.07940763924361,0.0793681570223223,0.2512141093091831,0.5485404408820667,0.5833208688073759,0.945744818443434,False,Not significant,0.0,False,Correctly not called
Gene0794,69.37829947342621,0.0778198160635343,0.2260246594978954,0.545011663376606,0.5857454959410705,0.9481215965396378,False,Not significant,0.0,False,Correctly not called
Gene0175,199.4182176297082,0.0776222429463477,0.2557542870608262,0.5403147632915687,0.5889799787837932,0.9517993447992996,False,Not significant,0.0,False,Correctly not called
Gene0897,16.770359706148415,-0.0752759158019288,0.2853756432552602,-0.5358766367178306,0.5920438123082379,0.955189772223242,False,Not significant,0.0,False,Correctly not called
Gene0345,135.30439191411392,0.0753721250708517,0.2375687834329873,0.5341223240472677,0.5932569055228151,0.9555880774626452,False,Not significant,0.0,False,Correctly not called
Gene0721,276.5090847725562,-0.0722105851943517,0.1914887600670162,-0.5275854726152862,0.5977870781897785,0.9586879509682956,False,Not significant,0.0,False,Correctly not called
Gene0428,321.1544985577007,-0.0744105575047538,0.2502845841774834,-0.5257544873430299,0.5990588005039501,0.9586879509682956,False,Not significant,0.0,False,Correctly not called
Gene0367,6.58609062348366,0.0662226702732903,0.3031329925615292,0.5260470358122556,0.5988555268340012,0.9586879509682956,False,Not significant,0.0,False,Correctly not called
Gene0944,119.23012265360684,-0.0748976131946746,0.2673394324418759,-0.5257790283804586,0.5990417472672942,0.9586879509682956,False,Not significant,0.0,False,Correctly not called
Gene0120,113.82869470357303,0.075463059245515,0.2255714439373935,0.5240828776848366,0.600220897096124,0.9589959082844371,False,Not significant,0.0,False,Correctly not called
Gene0547,321.3980596326168,0.0746703936717138,0.2536092490718586,0.5192878318698747,0.6035600374954666,0.959759417558224,False,Not significant,0.0,False,Correctly not called
Gene0111,94.725648493679,0.0717586475335477,0.2952486046544701,0.5215235753841183,0.6020020868191525,0.959759417558224,False,Not significant,0.0,False,Correctly not called
Gene0536,73.68529614546703,0.0731107761524051,0.2902042204742088,0.5169851957688384,0.605166493253398,0.959759417558224,False,Not significant,0.0,False,Correctly not called
Gene0584,17.339391439658897,0.069303245365971,0.2581044741356601,0.5151217225691855,0.6064679640578181,0.959759417558224,False,Not significant,0.0,False,Correctly not called
Gene0791,30.002474147077745,-0.0662738558752409,0.3588773156840155,-0.5166900855617468,0.6053725181340227,0.959759417558224,False,Not significant,0.0,False,Correctly not called
Gene0817,12.285877176376156,0.0712254901646654,0.2885836495605878,0.5150452915485851,0.6065213710555004,0.959759417558224,False,Not significant,0.0,False,Correctly not called
Gene0508,191.2631551276029,-0.0639600976267879,0.3625769867974277,-0.5124458381727921,0.6083390172607701,0.961097904266616,False,Not significant,0.0,False,Correctly not called
Gene0914,50.674275180235206,0.0708513232162718,0.2160762128915038,0.4943708268934429,0.621044313100798,0.9629050113694224,False,Not significant,0.0,False,Correctly not called
Gene0482,256.85791052286135,-0.07120692258072,0.2423126827933357,-0.5025475805774768,0.615282391809967,0.9629050113694224,False,Not significant,0.0,False,Correctly not called
Gene0379,126.06561312342764,-0.0702451286402673,0.2624046540606133,-0.4942826726725476,0.6211065605134174,0.9629050113694224,False,Not significant,0.0,False,Correctly not called
Gene0929,428.12269278239233,0.0702168120233496,0.2380432876131939,0.4914425790179796,0.6231134552845605,0.9629050113694224,False,Not significant,0.0,False,Correctly not called
Gene0943,33.75130057614238,-0.0727452517259373,0.22926229141544,-0.5057319764723075,0.613044817295515,0.9629050113694224,False,Not significant,0.0,False,Correctly not called
Gene0321,393.7322900930903,0.0716164232951919,0.2380160721916672,0.4937080553515191,0.6215123754432035,0.9629050113694224,False,Not significant,0.0,False,Correctly not called
Gene0867,46.41739588531646,-0.0715079993723434,0.228378534692465,-0.4976515452692257,0.6187296661374166,0.9629050113694224,False,Not significant,0.0,False,Correctly not called
Gene0758,98.0690738495894,0.069601097564385,0.2378675618212381,0.4917023371730912,0.62292978578767,0.9629050113694224,False,Not significant,0.0,False,Correctly not called
Gene0520,29.346236650674083,0.0648147102093864,0.2512180775255097,0.4967442216860549,0.6193694336843091,0.9629050113694224,False,Not significant,0.0,False,Correctly not called
Gene0524,468.1696093934463,0.0722958710066344,0.2071369910534458,0.5089236667079127,0.6108057302725207,0.9629050113694224,False,Not significant,0.0,False,Correctly not called
Gene0620,74.8501928341048,-0.072341229982709,0.2318887522257888,-0.5051204768353635,0.6134742199906219,0.9629050113694224,False,Not significant,0.0,False,Correctly not called
Gene0418,100.92618453496014,-0.0719995455782762,0.2304533646102537,-0.5010893912330096,0.61630821271572,0.9629050113694224,False,Not significant,0.0,False,Correctly not called
Gene0209,49.15739886711396,0.0625438735022681,0.2414299479682699,0.5016844656821303,0.6158894934301373,0.9629050113694224,False,Not significant,0.0,False,Correctly not called
Gene0447,13.758562510893109,0.0675457930966235,0.3288807479843516,0.5078319567166704,0.6115711965460682,0.9629050113694224,False,Not significant,0.0,False,Correctly not called
Gene0264,54.203686608249065,0.0701191703982654,0.252921110506835,0.4875003830298426,0.625903771463026,0.9657080030841384,False,Not significant,0.0,False,Correctly not called
Gene0327,55.52560652031279,-0.0658114386926339,0.2724921992021933,-0.4845877195933631,0.6279688265453731,0.9673849991485576,False,Not significant,0.0,False,Correctly not called
Gene0698,43.800251852366905,0.0695276028812257,0.2333827372140853,0.4829481668371829,0.6291325402317143,0.9676704234668204,False,Not significant,0.0,False,Correctly not called
Gene0123,30.73410086964489,-0.0664956510966302,0.2885865857713527,-0.4792775221256479,0.6317412108467964,0.9691948601553396,False,Not significant,0.0,False,Correctly not called
Gene0502,640.646117765877,0.0668836176877869,0.2850172418308865,0.478796222267358,0.6320836044491345,0.9691948601553396,False,Not significant,0.0,False,Correctly not called
Gene0813,29.39862615261555,0.0682190984318774,0.2511001881379102,0.475434569099731,0.6344772597219044,0.9713591483977762,False,Not significant,0.0,False,Correctly not called
Gene0417,48.17755844244254,0.0674480568742534,0.2317255854555354,0.4678722640499141,0.6398759391126444,0.9725091189517896,False,Not significant,0.0,False,Correctly not called
Gene0901,46.44624197175639,-0.0667065906705633,0.2417090707788289,-0.4659450135643342,0.6412548597635941,0.9725091189517896,False,Not significant,0.0,False,Correctly not called
Gene0184,183.7393538236689,-0.0666608322536305,0.2637679414006314,-0.4708106936102286,0.637775927382618,0.9725091189517896,False,Not significant,0.0,False,Correctly not called
Gene0117,116.63818198007704,0.0670216166791078,0.2154978137563703,0.4692848860421164,0.6388660170234772,0.9725091189517896,False,Not significant,0.0,False,Correctly not called
Gene0974,33.67527741424457,-0.0636030995878356,0.265390168399296,-0.4647483447033508,0.6421116831906154,0.9725091189517896,False,Not significant,0.0,False,Correctly not called
Gene0689,48.41601238785097,0.0673443364128897,0.2392065418837783,0.4666498968237296,0.6407503817933209,0.9725091189517896,False,Not significant,0.0,False,Correctly not called
Gene0235,69.27504477726315,-0.0672507506132521,0.2406914349297788,-0.4686828818407029,0.6392963245445027,0.9725091189517896,False,Not significant,0.0,False,Correctly not called
Gene0210,22.16868876934143,0.0647957041241991,0.2717685786102002,0.4615615637837584,0.6443957632657343,0.972988412014979,False,Not significant,0.0,False,Correctly not called
Gene0474,20.317874140791023,0.0660395922083843,0.2663504911195379,0.4625285848457039,0.6437023084613691,0.972988412014979,False,Not significant,0.0,False,Correctly not called
Gene0756,194.80136083388385,-0.0655978066245725,0.2282197707797025,-0.4597697043376818,0.6456815310097933,0.9734436496473864,False,Not significant,0.0,False,Correctly not called
Gene0835,58.0585813773428,-0.0644203310535946,0.2059470384838946,-0.4575808817146808,0.6472535814210261,0.9743284505713772,False,Not significant,0.0,False,Correctly not called
Gene0427,67.28968560167921,-0.0611561642185218,0.2862360078378042,-0.4477194231420155,0.6543557021328907,0.9811283072364576,False,Not significant,0.0,False,Correctly not called
Gene0843,107.5653901765077,-0.0626746886306912,0.2100567191556554,-0.4430590538933348,0.6577230209279792,0.9811283072364576,False,Not significant,0.0,False,Correctly not called
Gene0298,54.90420689069279,-0.0635581087798429,0.2676142301135357,-0.4491240357967966,0.6533421824249196,0.9811283072364576,False,Not significant,0.0,False,Correctly not called
Gene0401,28.428497137832323,0.0632085248561251,0.2517938189647677,0.4452198261122116,0.6561609003599893,0.9811283072364576,False,Not significant,0.0,False,Correctly not called
Gene0918,318.2504395095214,-0.0622708168147688,0.2160960397730497,-0.4466503878147405,0.6551275082670436,0.9811283072364576,False,Not significant,0.0,False,Correctly not called
Gene0350,64.93116536645688,0.0632168150339358,0.225736249433157,0.4434217498085188,0.6574607068911063,0.9811283072364576,False,Not significant,0.0,False,Correctly not called
Gene0622,24.788033015766956,0.0591215931423755,0.2624536122036708,0.4235668070772969,0.6718817669727954,0.9854715434252528,False,Not significant,0.0,False,Correctly not called
Gene0953,83.21665081045705,0.0547716486676434,0.2171249409011527,0.3830915947867283,0.7016518515193477,0.9854715434252528,False,Not significant,0.0,False,Correctly not called
Gene0858,79.23255841801016,0.0519179835917771,0.2368206778793022,0.3607843310440795,0.718260677032729,0.9854715434252528,False,Not significant,0.0,False,Correctly not called
Gene0861,50.59732934105014,-0.0560280260115764,0.2529848545057129,-0.3942224057197339,0.6934168449968309,0.9854715434252528,False,Not significant,0.0,False,Correctly not called
Gene0528,21.64199014334564,-0.0594866851987678,0.2469034745550643,-0.4164876124139892,0.6770532301024115,0.9854715434252528,False,Not significant,0.0,False,Correctly not called
Gene0129,31.58347800700308,-0.0548032973939071,0.2427318290301015,-0.3876646522969022,0.6982642174029754,0.9854715434252528,False,Not significant,0.0,False,Correctly not called
Gene0154,12.421443838995287,0.0507431305322192,0.3205661564540625,0.3904614881736427,0.696195327740078,0.9854715434252528,False,Not significant,0.0,False,Correctly not called
Gene0102,108.88924990796264,0.0594297621342856,0.2590785293082251,0.4150183317392624,0.6781284833899746,0.9854715434252528,False,Not significant,0.0,False,Correctly not called
Gene0530,235.61099831920365,0.0481699136398871,0.3322616198850099,0.3641421860402475,0.7157518362460213,0.9854715434252528,False,Not significant,0.0,False,Correctly not called
Gene0574,129.69200961465427,0.0536568815733919,0.257830826643248,0.3756092945078543,0.7072073799135958,0.9854715434252528,False,Not significant,0.0,False,Correctly not called
Gene0842,42.62012519826751,0.0583131208452562,0.2527778584699135,0.4098896869826654,0.681886870958256,0.9854715434252528,False,Not significant,0.0,False,Correctly not called
Gene0623,63.64567685928132,0.0551716900818843,0.3139138706867976,0.401274233670457,0.6882182317472871,0.9854715434252528,False,Not significant,0.0,False,Correctly not called
Gene0884,199.81879736650288,0.0521837416340261,0.252910356743787,0.3634931064099392,0.7162365615749382,0.9854715434252528,False,Not significant,0.0,False,Correctly not called
Gene0165,106.71941506214849,-0.0499008815338829,0.2756690052309747,-0.3589641775053498,0.7196218879000122,0.9854715434252528,False,Not significant,0.0,False,Correctly not called
Gene0619,31.283616428078066,-0.0512679482049832,0.2497165007978457,-0.3665229250903858,0.7139749092433082,0.9854715434252528,False,Not significant,0.0,False,Correctly not called
Gene0956,40.18502343155559,-0.05976164876939,0.2441244562700316,-0.420338639876567,0.6742380862802804,0.9854715434252528,False,Not significant,0.0,False,Correctly not called
Gene0819,19.28365194897965,-0.0549246204989218,0.278940971312022,-0.3957862150628725,0.692262746992697,0.9854715434252528,False,Not significant,0.0,False,Correctly not called
Gene0190,97.12604281047682,-0.059593625926781,0.2314134099927765,-0.4211889421328554,0.6736171183611638,0.9854715434252528,False,Not significant,0.0,False,Correctly not called
Gene0898,121.99863601617604,-0.0549730226698758,0.2594434118208737,-0.3902330022957137,0.6963642599592745,0.9854715434252528,False,Not significant,0.0,False,Correctly not called
Gene0902,32.48176453962096,0.04741410333571,0.3245311639480487,0.3583301088680887,0.7200962884254856,0.9854715434252528,False,Not significant,0.0,False,Correctly not called
Gene0273,59.952200832556606,-0.0551029458284954,0.2412038716289456,-0.3911927759119074,0.6956547477007365,0.9854715434252528,False,Not significant,0.0,False,Correctly not called
Gene0365,69.67074262157261,0.0512137893149317,0.2289110244520367,0.3562488968400202,0.721654176374809,0.9854715434252528,False,Not significant,0.0,False,Correctly not called
Gene0764,57.6297148140656,0.0502430911312028,0.2711276497744067,0.3605553698698586,0.718431857731963,0.9854715434252528,False,Not significant,0.0,False,Correctly not called
Gene0294,25.99784855118833,0.0523470007888162,0.3090368767468845,0.3791991402924574,0.7045399899305739,0.9854715434252528,False,Not significant,0.0,False,Correctly not called
Gene0762,95.1793989301726,-0.0614324087786125,0.2065407044130222,-0.435491847392479,0.6632054553397653,0.9854715434252528,False,Not significant,0.0,False,Correctly not called
Gene0285,43.70721080255563,0.0502898725804846,0.2797845971081383,0.3604019183825249,0.7185465922239487,0.9854715434252528,False,Not significant,0.0,False,Correctly not called
Gene0400,27.347192740106426,0.059862781230078,0.2621284551521177,0.4188918689299835,0.6752951597733852,0.9854715434252528,False,Not significant,0.0,False,Correctly not called
Gene0403,19.48451553880636,-0.0491953119724059,0.2788209380665265,-0.3525760688142996,0.7244062811629512,0.9854715434252528,False,Not significant,0.0,False,Correctly not called
Gene0233,132.84611100044745,0.0563172939339024,0.2184797452782464,0.3929852095002973,0.6943304054944788,0.9854715434252528,False,Not significant,0.0,False,Correctly not called
Gene0249,19.283426062001087,0.0464291186625657,0.2673308247856512,0.3572821105781907,0.7208806210799141,0.9854715434252528,False,Not significant,0.0,False,Correctly not called
Gene0678,154.9688947717198,0.0578793518055346,0.2657713256986527,0.4086631279486675,0.682786896372467,0.9854715434252528,False,Not significant,0.0,False,Correctly not called
Gene0399,7.757698391597365,0.049730024736998,0.3004836110426933,0.3845179984711947,0.7005945585017661,0.9854715434252528,False,Not significant,0.0,False,Correctly not called
Gene0684,54.034393366175216,-0.0496622731421972,0.3084798895944893,-0.365760934805906,0.714543472442623,0.9854715434252528,False,Not significant,0.0,False,Correctly not called
Gene0785,43.0715056171282,0.0586217148140335,0.2227081756654781,0.4081852452924789,0.6831376796867215,0.9854715434252528,False,Not significant,0.0,False,Correctly not called
Gene0655,15.517947699047252,-0.0557896785479917,0.2959522015813581,-0.4224358253521,0.6727069332092159,0.9854715434252528,False,Not significant,0.0,False,Correctly not called
Gene0660,53.248209482741,0.0507473109528739,0.2851018031688077,0.362015953681062,0.7173401085852041,0.9854715434252528,False,Not significant,0.0,False,Correctly not called
Gene0643,23.69630179420281,-0.0610885839323718,0.2633502114344933,-0.430364406886869,0.666930582482358,0.9854715434252528,False,Not significant,0.0,False,Correctly not called
Gene0423,61.8376190162626,-0.0510172136015356,0.2226921153075617,-0.3588638443558314,0.7196969484527334,0.9854715434252528,False,Not significant,0.0,False,Correctly not called
Gene0464,38.76832835882557,-0.0497890990475714,0.2557483666765045,-0.3547035511573616,0.7228116902749357,0.9854715434252528,False,Not significant,0.0,False,Correctly not called
Gene0217,42.21477382228411,0.0578730509412795,0.245241073487606,0.4023064699068799,0.6874584937010679,0.9854715434252528,False,Not significant,0.0,False,Correctly not called
Gene0451,431.3352397635012,-0.049225611369158,0.2300850872287617,-0.3606487186523079,0.7183620646734266,0.9854715434252528,False,Not significant,0.0,False,Correctly not called
Gene0450,76.9639475678686,-0.0488053441446423,0.297888314736642,-0.3557394198484472,0.72203572084489,0.9854715434252528,False,Not significant,0.0,False,Correctly not called
Gene0668,45.81733307608636,0.060695615950412,0.2788863024912173,0.4331997864471493,0.6648696340163225,0.9854715434252528,False,Not significant,0.0,False,Correctly not called
Gene0272,15.68175975708803,-0.0420113679881521,0.2477872937009566,-0.3636149099075687,0.7161455913768422,0.9854715434252528,False,Not significant,0.0,False,Correctly not called
Gene0787,67.67383275366146,0.0575601623534508,0.2149569710718003,0.4052002666552738,0.6853303090117824,0.9854715434252528,False,Not significant,0.0,False,Correctly not called
Gene0468,103.12781459910892,0.0579394606057469,0.244812616034539,0.4006675154686416,0.6886649304164989,0.9854715434252528,False,Not significant,0.0,False,Correctly not called
Gene0934,422.04372101372775,0.0506417999997422,0.2307406906494146,0.3536092081134462,0.7236317726030881,0.9854715434252528,False,Not significant,0.0,False,Correctly not called
Gene0636,78.78068205509777,0.061900169475736,0.251321117339692,0.433305815172206,0.6647926140492573,0.9854715434252528,False,Not significant,0.0,False,Correctly not called
Gene0632,207.0480381009298,0.0616612210684105,0.2583021278541217,0.4369974950736105,0.6621131646702022,0.9854715434252528,False,Not significant,0.0,False,Correctly not called
Gene0466,659.475166989319,0.0571621261222791,0.2175041935776778,0.4037531474059683,0.6863942529786022,0.9854715434252528,False,Not significant,0.0,False,Correctly not called
Gene0597,38.235254022460055,-0.0555668047948086,0.2381424751821782,-0.3931327600906102,0.6942214290159128,0.9854715434252528,False,Not significant,0.0,False,Correctly not called
Gene0149,36.09929335030665,-0.057505451149386,0.2796287127737347,-0.4240655213284429,0.6715180296897886,0.9854715434252528,False,Not significant,0.0,False,Correctly not called
Gene0719,47.80887008230729,0.0607392915808579,0.2608130364667686,0.4251267603938601,0.6707442709637337,0.9854715434252528,False,Not significant,0.0,False,Correctly not called
Gene0335,185.2416503553978,-0.0543721981661212,0.2306533844880214,-0.3818887453041848,0.7025438887057722,0.9854715434252528,False,Not significant,0.0,False,Correctly not called
Gene0356,32.343271196186954,-0.0499937650455781,0.265323714559619,-0.354433193533126,0.7230142621771408,0.9854715434252528,False,Not significant,0.0,False,Correctly not called
Gene0360,153.13339040391344,-0.0536271877299899,0.2760980518375229,-0.3898245418722449,0.6966662948210236,0.9854715434252528,False,Not significant,0.0,False,Correctly not called
Gene0890,31.4260325701097,-0.0541603707486719,0.2451786497953512,-0.3808424269226146,0.7033201752667562,0.9854715434252528,False,Not significant,0.0,False,Correctly not called
Gene0701,23.370462830836484,-0.0513909810584261,0.2713504266359616,-0.3850109818368767,0.7002292792206481,0.9854715434252528,False,Not significant,0.0,False,Correctly not called
Gene0893,17.583049623617182,-0.0503176965200289,0.2604271024762291,-0.3726186187742881,0.7094323134864662,0.9854715434252528,False,Not significant,0.0,False,Correctly not called
Gene0742,58.16585404614205,-0.0523156367681618,0.2095371665771777,-0.3720401728272979,0.7098629391366533,0.9854715434252528,False,Not significant,0.0,False,Correctly not called
Gene0732,36.220246421736,0.0558260285900611,0.2472182939700822,0.3956282049284661,0.6923793267582108,0.9854715434252528,False,Not significant,0.0,False,Correctly not called
Gene0557,92.030920264131,-0.0509160598017989,0.2521194046660204,-0.3602240531067011,0.7186795886569977,0.9854715434252528,False,Not significant,0.0,False,Correctly not called
Gene0562,86.64050292768654,0.0547863116728289,0.2846903478560315,0.3904620131757006,0.6961949395944338,0.9854715434252528,False,Not significant,0.0,False,Correctly not called
Gene0905,120.625377085131,-0.0489243663100617,0.2451375875871865,-0.3536425705976397,0.7236067666216579,0.9854715434252528,False,Not significant,0.0,False,Correctly not called
Gene0105,53.9718266930463,-0.0469000783976201,0.2569133465501113,-0.3359377695737962,0.7369177945025804,0.9871857025044533,False,Not significant,0.0,False,Correctly not called
Gene0870,294.6060298407462,-0.0300233811691469,0.2042734975175573,-0.2161960263345552,0.8288349508342184,0.9871857025044533,False,Not significant,0.0,False,Correctly not called
Gene0970,208.75167608111383,-0.0356531933942217,0.2489920652585198,-0.2528325877378029,0.8003975842594163,0.9871857025044533,False,Not significant,0.0,False,Correctly not called
Gene0971,38.13376426925159,0.036579706719719,0.2259633177446276,0.2558012787773557,0.7981042864321429,0.9871857025044533,False,Not significant,0.0,False,Correctly not called
Gene0978,37.23926597523454,0.0341994279195228,0.2483707319978666,0.2446193699931935,0.806751164559823,0.9871857025044533,False,Not significant,0.0,False,Correctly not called
Gene0982,142.2597182465809,-0.0328572910994356,0.2322865806262957,-0.2332227561006041,0.8155884362054076,0.9871857025044533,False,Not significant,0.0,False,Correctly not called
Gene0122,75.6065167020575,0.0287494162549661,0.2352857529413124,0.2057100886669492,0.8370173774862091,0.9871857025044533,False,Not significant,0.0,False,Correctly not called
Gene0552,40.68938150506913,-0.0354407913540598,0.2506477586284514,-0.2550008744889198,0.7987224238105999,0.9871857025044533,False,Not significant,0.0,False,Correctly not called
Gene0568,642.2501605139569,-0.0384887988999493,0.2133881996052704,-0.27618363673531,0.7824070246388911,0.9871857025044533,False,Not significant,0.0,False,Correctly not called
Gene0915,18.75947595561217,0.0319221641666176,0.2835303149377833,0.243157366254944,0.8078834925862566,0.9871857025044533,False,Not significant,0.0,False,Correctly not called
Gene0548,31.118544624420675,0.0452783409153621,0.2604901661721443,0.3177653318472287,0.7506629498683169,0.9871857025044533,False,Not significant,0.0,False,Correctly not called
Gene0991,461.9060963288735,0.0275864268917198,0.2165116001783909,0.1913060639751507,0.8482858104677287,0.9871857025044533,False,Not significant,0.0,False,Correctly not called
Gene0320,167.1199923884542,-0.0350983606218572,0.2607363157218014,-0.2510080742000095,0.801807866687231,0.9871857025044533,False,Not significant,0.0,False,Correctly not called
Gene0325,119.23472295951188,0.0449878841998719,0.2370403775734495,0.3137491120140159,0.7537115967624579,0.9871857025044533,False,Not significant,0.0,False,Correctly not called
Gene0715,29.051253716356005,-0.0390064951731417,0.2796993786735516,-0.3066197431207562,0.7591328242307722,0.9871857025044533,False,Not significant,0.0,False,Correctly not called
Gene0717,39.45608205436153,-0.0250399123277685,0.2482560881806002,-0.1789678323382274,0.857962959939602,0.9871857025044533,False,Not significant,0.0,False,Correctly not called
Gene0727,28.735906781386564,-0.0401885151337709,0.257065541986093,-0.2861976343564053,0.7747267555129506,0.9871857025044533,False,Not significant,0.0,False,Correctly not called
Gene0328,202.2177954978941,-0.0292600027681934,0.3360571591860129,-0.2401995472997027,0.8101755646119326,0.9871857025044533,False,Not significant,0.0,False,Correctly not called
Gene0330,36.94206186034126,-0.0278638910725104,0.2379140507950177,-0.1974051307588563,0.84351051485689,0.9871857025044533,False,Not significant,0.0,False,Correctly not called
Gene0334,93.98970523697658,-0.0299215782853238,0.2785007280290583,-0.29679835978007,0.7666204577859912,0.9871857025044533,False,Not significant,0.0,False,Correctly not called
Gene0336,221.4692464949022,0.0474022212397992,0.2239615040212522,0.3341992119325247,0.7382292386288181,0.9871857025044533,False,Not significant,0.0,False,Correctly not called
Gene0738,104.56011692448529,0.0469627452605693,0.2084243376139697,0.3310754514455613,0.7405874938885044,0.9871857025044533,False,Not significant,0.0,False,Correctly not called
Gene0749,166.6768259962226,-0.0365993830396137,0.2338191073191225,-0.2587858554267641,0.7958004719453012,0.9871857025044533,False,Not significant,0.0,False,Correctly not called
Gene0939,535.0592504118373,0.0456193751989081,0.2369595041027756,0.3187865195569934,0.749888401215633,0.9871857025044533,False,Not significant,0.0,False,Correctly not called
Gene0309,30.88925479642309,-0.0462195017800822,0.2731179608345688,-0.3460853670803056,0.7292785600969341,0.9871857025044533,False,Not significant,0.0,False,Correctly not called
Gene0941,19.60135413733459,-0.0211912885792393,0.2913611159906251,-0.1668892880025395,0.8674571618790603,0.9871857025044533,False,Not significant,0.0,False,Correctly not called
Gene0946,59.56242788609228,-0.032525505722543,0.2389076623288218,-0.2303217511759824,0.8178417599126688,0.9871857025044533,False,Not significant,0.0,False,Correctly not called
Gene0306,29.51416699955566,0.0304333739588838,0.2664402496104674,0.2133760943620443,0.8310336250881748,0.9871857025044533,False,Not significant,0.0,False,Correctly not called
Gene0699,37.76806908148626,-0.0355970464245692,0.229599500169355,-0.2517337826592417,0.8012468428934187,0.9871857025044533,False,Not significant,0.0,False,Correctly not called
Gene0313,74.56731356485967,-0.0306837055662522,0.2815311274119106,-0.2228457391413361,0.8236555682781129,0.9871857025044533,False,Not significant,0.0,False,Correctly not called
Gene0702,43.673856973508414,0.0260974913475516,0.2387962485188798,0.1855054116318605,0.8528326360640093,0.9871857025044533,False,Not significant,0.0,False,Correctly not called
Gene0700,49.12428671879135,-0.0243449695108128,0.2982281020437519,-0.1791310745119325,0.8578347826834867,0.9871857025044533,False,Not significant,0.0,False,Correctly not called
Gene0263,19.68933617420773,0.0316821527962415,0.3247820400412261,0.2381063912549632,0.8117985777770715,0.9871857025044533,False,Not significant,0.0,False,Correctly not called
Gene0305,24.242321447863294,-0.0434849019403805,0.2718468799926829,-0.3140461181292158,0.7534860121035184,0.9871857025044533,False,Not significant,0.0,False,Correctly not called
Gene0703,63.02466857330992,-0.033802727232527,0.2579045907103754,-0.2424326171113907,0.8084449632400439,0.9871857025044533,False,Not significant,0.0,False,Correctly not called
Gene0709,103.57591258444884,-0.0419879872308486,0.2131544444895995,-0.2985845271404248,0.765257072737811,0.9871857025044533,False,Not significant,0.0,False,Correctly not called
Gene0713,83.73814012315931,-0.0320961872316326,0.2194846345750196,-0.2305906914265734,0.8176327999123316,0.9871857025044533,False,Not significant,0.0,False,Correctly not called
Gene0347,110.23959574576112,0.0246347210370792,0.2316217521973015,0.1715178200615254,0.8638166196781224,0.9871857025044533,False,Not significant,0.0,False,Correctly not called
Gene0351,19.24426242900601,-0.0396920550377001,0.2580932350215829,-0.2828937547760425,0.7772582820917133,0.9871857025044533,False,Not significant,0.0,False,Correctly not called
Gene0352,48.32390130018083,0.0451818899098203,0.2242122692919056,0.3161893979184816,0.7518587545068999,0.9871857025044533,False,Not significant,0.0,False,Correctly not called
Gene0366,118.920277162707,-0.0269938361739558,0.237180015865609,-0.1972345291116948,0.8436440109722069,0.9871857025044533,False,Not significant,0.0,False,Correctly not called
Gene0370,33.062898359501595,-0.0307493635293693,0.2672410347237544,-0.2272057369724578,0.8202637668875167,0.9871857025044533,False,Not significant,0.0,False,Correctly not called
Gene0371,123.48113737897376,0.0246967813716004,0.2315544480979274,0.1749039912988605,0.8611550740171134,0.9871857025044533,False,Not significant,0.0,False,Correctly not called
Gene0373,226.9717925064829,0.0339542314442085,0.2569057344334607,0.2382973632405985,0.8116504662836643,0.9871857025044533,False,Not significant,0.0,False,Correctly not called
Gene0275,544.3737359862171,-0.0243469597970332,0.2722881120243047,-0.1791056479775503,0.8578547472742605,0.9871857025044533,False,Not significant,0.0,False,Correctly not called
Gene0763,20.54666283214363,-0.0229610508472391,0.2533796172349838,-0.1656860748577139,0.8684040052364755,0.9871857025044533,False,Not significant,0.0,False,Correctly not called
Gene0295,133.62290795729135,0.0451257274136946,0.2378055835145828,0.3270510293383655,0.7436292896809726,0.9871857025044533,False,Not significant,0.0,False,Correctly not called
Gene0297,32.88559191030095,0.0368713992376467,0.2962665381952191,0.2716631139028819,0.7858810657790576,0.9871857025044533,False,Not significant,0.0,False,Correctly not called
Gene0416,56.9793632188481,-0.0388441175224927,0.2369847516638289,-0.2758347529874682,0.7826749897717618,0.9871857025044533,False,Not significant,0.0,False,Correctly not called
Gene0776,49.52207770538472,0.0355013780303669,0.2352963789381294,0.2489263944227433,0.8034177179993018,0.9871857025044533,False,Not significant,0.0,False,Correctly not called
Gene0682,28.369599625734157,0.0378828051269472,0.2459582305520447,0.2670019141960414,0.7894676872645461,0.9871857025044533,False,Not significant,0.0,False,Correctly not called
Gene0692,19.4538932146535,0.0245856408824778,0.2751239194301939,0.1751168753889688,0.8609877985161807,0.9871857025044533,False,Not significant,0.0,False,Correctly not called
Gene0405,153.54299537077554,-0.022725452531097,0.2675783265282065,-0.1664246420743424,0.867822782791187,0.9871857025044533,False,Not significant,0.0,False,Correctly not called
Gene0382,64.02139601032614,-0.0431745628135407,0.2215022119284828,-0.3045295123651564,0.7607245121300075,0.9871857025044533,False,Not significant,0.0,False,Correctly not called
Gene0232,98.021018654072,-0.0261634139441803,0.226041128001505,-0.1860983524680513,0.8523676338870497,0.9871857025044533,False,Not significant,0.0,False,Correctly not called
Gene0248,103.60313977090968,-0.0438132555330419,0.2304305031902605,-0.3090286480783788,0.7572997346650177,0.9871857025044533,False,Not significant,0.0,False,Correctly not called
Gene0412,96.51099198182504,0.043416146158244,0.2300592735991452,0.3017613997922969,0.7628339583962165,0.9871857025044533,False,Not significant,0.0,False,Correctly not called
Gene0251,55.13605363518866,-0.0333099835176506,0.2260364880977713,-0.2369926398045931,0.8126625002146446,0.9871857025044533,False,Not significant,0.0,False,Correctly not called
Gene0782,116.18636138516672,0.0410053367506789,0.3003814634033839,0.3133700896945178,0.7539995056087649,0.9871857025044533,False,Not significant,0.0,False,Correctly not called
Gene0676,20.806203072369104,-0.0470977780102543,0.2608585099709182,-0.3350271198629704,0.7376046285446713,0.9871857025044533,False,Not significant,0.0,False,Correctly not called
Gene0675,27.240512325827137,0.0324730970518992,0.296685768728978,0.2744956767511134,0.7837037255318328,0.9871857025044533,False,Not significant,0.0,False,Correctly not called
Gene0673,8.764046312698666,-0.0369525151924021,0.3180284108667055,-0.3020702882108677,0.7625984816510251,0.9871857025044533,False,Not significant,0.0,False,Correctly not called
Gene0664,21.66162601113244,-0.0253731041898169,0.2621620097962441,-0.1944579899065903,0.8458172870051471,0.9871857025044533,False,Not significant,0.0,False,Correctly not called
Gene0662,122.08087317154548,-0.0299082658395223,0.2276989294522967,-0.2124756991319457,0.8317359342495076,0.9871857025044533,False,Not significant,0.0,False,Correctly not called
Gene0599,103.50872851917056,0.0272737929196571,0.2620511658926078,0.1924815290837551,0.8473650350478911,0.9871857025044533,False,Not significant,0.0,False,Correctly not called
Gene0487,18.90912339989379,0.0331179038927255,0.2934876507442095,0.2541404478640093,0.7993870560401884,0.9871857025044533,False,Not significant,0.0,False,Correctly not called
Gene0489,103.1987915540312,-0.0296767584015276,0.2222148871574525,-0.2120169909376879,0.8320937787904906,0.9871857025044533,False,Not significant,0.0,False,Correctly not called
Gene0610,225.24631083885257,0.038870218214037,0.2439022276358039,0.2719756859508066,0.7856407146849533,0.9871857025044533,False,Not significant,0.0,False,Correctly not called
Gene0618,111.52142865066156,-0.0375763290104554,0.2207628238056204,-0.2693311252629207,0.78767488230702,0.9871857025044533,False,Not significant,0.0,False,Correctly not called
Gene0421,336.77105256337904,-0.0372056935967579,0.2110266270480384,-0.2650206188504691,0.7909935780240717,0.9871857025044533,False,Not significant,0.0,False,Correctly not called
Gene0644,50.89151179407486,0.0330157289183365,0.2261375506460408,0.2308411075609453,0.8174382443473722,0.9871857025044533,False,Not significant,0.0,False,Correctly not called
Gene0645,90.3340563282524,-0.0263771024974203,0.2303535301455034,-0.1878128444549522,0.8510233665276449,0.9871857025044533,False,Not significant,0.0,False,Correctly not called
Gene0646,46.26397685385956,-0.0489421603861836,0.2643265103530904,-0.3476061065207929,0.7281360196210918,0.9871857025044533,False,Not significant,0.0,False,Correctly not called
Gene0452,16.625919384646576,0.0353054485807503,0.2818957366015623,0.2552890595588208,0.7984998492733018,0.9871857025044533,False,Not significant,0.0,False,Correctly not called
Gene0454,13.51300727481994,-0.0298664974859642,0.2694463603257643,-0.2166033790375387,0.8285174521648465,0.9871857025044533,False,Not significant,0.0,False,Correctly not called
Gene0965,36.0547426024764,-0.0264769980924614,0.2914830829854125,-0.1933075893782921,0.8467180829651014,0.9871857025044533,False,Not significant,0.0,False,Correctly not called
Gene0212,277.73126524670505,-0.0374177173623168,0.2434751343517801,-0.2678822326229911,0.7887899703457271,0.9871857025044533,False,Not significant,0.0,False,Correctly not called
Gene0803,42.93747843182254,-0.0283696005441124,0.269903547293022,-0.2038918771170628,0.8384379928707771,0.9871857025044533,False,Not significant,0.0,False,Correctly not called
Gene0218,129.24972098481342,-0.0373319838349547,0.2727648117066357,-0.2705986254261171,0.7866997531484485,0.9871857025044533,False,Not significant,0.0,False,Correctly not called
Gene0220,59.209561522413736,-0.0316839242891086,0.2660647459861205,-0.2271711580699377,0.8202906539465574,0.9871857025044533,False,Not significant,0.0,False,Correctly not called
Gene0469,387.592918930152,-0.0376163933554144,0.2078184415219303,-0.2717022314433613,0.785850985376497,0.9871857025044533,False,Not significant,0.0,False,Correctly not called
Gene0225,34.52803460973838,-0.0266304371665348,0.246770246268178,-0.1913214918504183,0.8482737240282241,0.9871857025044533,False,Not significant,0.0,False,Correctly not called
Gene0230,449.80636347961325,-0.0288459726466117,0.2681858895594231,-0.2115472591132067,0.8324602590838224,0.9871857025044533,False,Not significant,0.0,False,Correctly not called
Gene0467,17.161556713075047,0.0249250887044706,0.3585100959368471,0.1969358039584555,0.843877774793059,0.9871857025044533,False,Not significant,0.0,False,Correctly not called
Gene0626,47.57403217039343,-0.0321874493066471,0.2798178562566641,-0.2505046913334509,0.8021970771771221,0.9871857025044533,False,Not significant,0.0,False,Correctly not called
Gene0630,53.41144134323243,-0.0389307085676345,0.2105971501831179,-0.277266150295905,0.7815757491491676,0.9871857025044533,False,Not significant,0.0,False,Correctly not called
Gene0634,26.124408462892543,-0.0446273648204184,0.2318583658767388,-0.3176122004228581,0.7507791184127601,0.9871857025044533,False,Not significant,0.0,False,Correctly not called
Gene0933,89.19856413895377,0.0458784553511621,0.2531711658417462,0.3213217837984646,0.7479665499048346,0.9871857025044533,False,Not significant,0.0,False,Correctly not called
Gene0874,53.1243668306394,-0.0323057335383547,0.2286518730666525,-0.2295029835097301,0.8184780020031919,0.9871857025044533,False,Not significant,0.0,False,Correctly not called
Gene0475,141.45808260090112,-0.0474448453765162,0.2411593999513891,-0.3355493214169205,0.7372107458349736,0.9871857025044533,False,Not significant,0.0,False,Correctly not called
Gene0812,375.36719071988745,-0.044018942554587,0.2271189589800039,-0.3128825239156828,0.7543699153526066,0.9871857025044533,False,Not significant,0.0,False,Correctly not called
Gene0818,35.17712385302756,-0.0365508282692848,0.2381418433182217,-0.2578976960223499,0.7964858630399954,0.9871857025044533,False,Not significant,0.0,False,Correctly not called
Gene0960,84.27330779909882,0.0267852098506867,0.2340507701001652,0.1885996322580955,0.8504066210560957,0.9871857025044533,False,Not significant,0.0,False,Correctly not called
Gene0206,28.21020895327953,0.0443056728187971,0.2460424069549038,0.3095767124103953,0.756882867660765,0.9871857025044533,False,Not significant,0.0,False,Correctly not called
Gene0963,140.17419000769658,0.0350620222474447,0.2952681583066631,0.2525554815307346,0.80061173547032,0.9871857025044533,False,Not significant,0.0,False,Correctly not called
Gene0964,141.36350144580027,-0.0443336222718795,0.2066074189589011,-0.3163014439513515,0.7517737152616826,0.9871857025044533,False,Not significant,0.0,False,Correctly not called
Gene0145,12.730580848697103,0.0299445466133713,0.2796999541432485,0.2172585964232342,0.828006821698522,0.9871857025044533,False,Not significant,0.0,False,Correctly not called
Gene0823,51.524854355908765,-0.0282610812847222,0.2716171558366559,-0.2035983394547418,0.838667390888092,0.9871857025044533,False,Not significant,0.0,False,Correctly not called
Gene0182,13.23404415046614,0.0245227724522513,0.2609735207134223,0.1862194407316548,0.8522726791040072,0.9871857025044533,False,Not significant,0.0,False,Correctly not called
Gene0185,34.2708572207892,-0.0273394252249073,0.2473266024335276,-0.2003585036962649,0.8412002106769287,0.9871857025044533,False,Not significant,0.0,False,Correctly not called
Gene0498,28.95759483898772,-0.046095966196084,0.2668342483484548,-0.3276268982920554,0.7431937815962903,0.9871857025044533,False,Not significant,0.0,False,Correctly not called
Gene0617,86.14205249752406,0.0265044401901883,0.2145804476806227,0.1879818967478259,0.8508908424923249,0.9871857025044533,False,Not significant,0.0,False,Correctly not called
Gene0621,20.67432171633508,0.0364955049551114,0.2417503724746932,0.2550948712656814,0.7986498252982774,0.9871857025044533,False,Not significant,0.0,False,Correctly not called
Gene0625,233.58265683478385,0.033398649526899,0.2257201524394217,0.2350168897017328,0.8141956242310007,0.9871857025044533,False,Not significant,0.0,False,Correctly not called
Gene0164,26.793487380946328,0.0385556525434083,0.2744108170142733,0.2746525953383635,0.783583154351508,0.9871857025044533,False,Not significant,0.0,False,Correctly not called
Gene0494,84.90160549989555,-0.0426490757729235,0.2752978223851686,-0.3076958188990358,0.7583138015173418,0.9871857025044533,False,Not significant,0.0,False,Correctly not called
Gene0497,81.62275677581455,-0.0312602991080546,0.2302750482961119,-0.2215204502259351,0.8246872151179494,0.9871857025044533,False,Not significant,0.0,False,Correctly not called
Gene0162,59.679122765173496,0.0242454138166509,0.229163356910524,0.1707332042008406,0.8644335529696311,0.9871857025044533,False,Not significant,0.0,False,Correctly not called
Gene0172,16.783429047734455,-0.0236088575365433,0.2467863186880686,-0.1689210605761376,0.8658587333017751,0.9871857025044533,False,Not significant,0.0,False,Correctly not called
Gene0169,73.13237467446768,0.0472685282177211,0.2595613094859048,0.3359682292519909,0.7368948247046172,0.9871857025044533,False,Not significant,0.0,False,Correctly not called
Gene0876,285.9189611557673,-0.0451207896941976,0.210257706525163,-0.3235439320928377,0.7462833420381667,0.9871857025044533,False,Not significant,0.0,False,Correctly not called
Gene0880,105.98180638921092,-0.0428492168778994,0.2546945971273067,-0.3048798478773481,0.7604576645928967,0.9871857025044533,False,Not significant,0.0,False,Correctly not called
Gene0833,102.94214618834609,0.0427165676228471,0.230126136664492,0.2989115336714768,0.7650075466191322,0.9871857025044533,False,Not significant,0.0,False,Correctly not called
Gene0511,395.8936758865148,0.0457032695928092,0.2051346157639235,0.3238626490617202,0.7460420229204561,0.9871857025044533,False,Not significant,0.0,False,Correctly not called
Gene0513,68.73423193788784,0.0406722518893356,0.251910483971809,0.2844331756182234,0.7760784379517232,0.9871857025044533,False,Not significant,0.0,False,Correctly not called
Gene0517,43.77328598333148,0.034366211670142,0.2857440145892118,0.2527546156643828,0.800457840555974,0.9871857025044533,False,Not significant,0.0,False,Correctly not called
Gene0839,28.82860119502222,-0.0292953763401809,0.3131455920855555,-0.2190206234364657,0.826633982589519,0.9871857025044533,False,Not significant,0.0,False,Correctly not called
Gene0501,274.49834189504344,0.0445126614148676,0.1893870286039886,0.3207352409531349,0.7484110386345268,0.9871857025044533,False,Not significant,0.0,False,Correctly not called
Gene0503,34.53903795453744,-0.0415704587644038,0.270477120789088,-0.2976803903935324,0.7659471114857686,0.9871857025044533,False,Not significant,0.0,False,Correctly not called
Gene0504,121.92498055621058,0.0443222548348308,0.226049171114951,0.3100488349444062,0.7565238199712855,0.9871857025044533,False,Not significant,0.0,False,Correctly not called
Gene0831,9.737973738924394,-0.035301846262062,0.2937412514573339,-0.2879446280146203,0.7733891246793292,0.9871857025044533,False,Not significant,0.0,False,Correctly not called
Gene0133,44.31335887804813,0.0271778493058284,0.2458104495956002,0.1931255224361752,0.8468606648920656,0.9871857025044533,False,Not significant,0.0,False,Correctly not called
Gene0131,57.96356606525689,0.0240029532846621,0.2275095840949756,0.1683916679148942,0.8662751625515553,0.9871857025044533,False,Not significant,0.0,False,Correctly not called
Gene0130,116.4329355439846,0.0472294397402711,0.2342929054947419,0.3290765264077708,0.7420978462487098,0.9871857025044533,False,Not significant,0.0,False,Correctly not called
Gene0126,174.4845900157453,0.0228103226110464,0.2753400006048967,0.1658347790435598,0.8682869753444504,0.9871857025044533,False,Not significant,0.0,False,Correctly not called
Gene0158,172.67986363875468,0.0320032556942273,0.272258145544237,0.2433388175191033,0.8077429358913876,0.9871857025044533,False,Not significant,0.0,False,Correctly not called
Gene0845,336.14710847108887,0.0323708475449813,0.2126544103814723,0.2264054202569799,0.8208861126213332,0.9871857025044533,False,Not significant,0.0,False,Correctly not called
Gene0841,170.5851368116728,0.0381075371295965,0.2803007027253128,0.2803078327974033,0.7792413418740725,0.9871857025044533,False,Not significant,0.0,False,Correctly not called
Gene0578,10.301471292231184,-0.0414414128541201,0.2767916145048977,-0.3091455535384338,0.7572108084658107,0.9871857025044533,False,Not significant,0.0,False,Correctly not called
Gene0580,25.464812919389345,0.0396180858070485,0.2487345293231538,0.2784055980334204,0.7807010227120499,0.9871857025044533,False,Not significant,0.0,False,Correctly not called
Gene0581,12.132779718683787,-0.0257737217015125,0.276315453970233,-0.1978517638268149,0.8431610449277772,0.9871857025044533,False,Not significant,0.0,False,Correctly not called
Gene0533,35.258388853371066,-0.024261778854815,0.2308214996689402,-0.1761363382976566,0.8601868333482784,0.9871857025044533,False,Not significant,0.0,False,Correctly not called
Gene0535,427.5830139533977,0.0417684689176749,0.2491783580190424,0.2954842430462036,0.7676239875020041,0.9871857025044533,False,Not significant,0.0,False,Correctly not called
Gene0995,95.73867707984505,-0.0383230929683707,0.237091586230371,-0.2847197106069507,0.7758588885171477,0.9871857025044533,False,Not significant,0.0,False,Correctly not called
Gene0522,55.73920831892836,-0.0350344475741848,0.2281916673986979,-0.2529115738047971,0.8003365455665575,0.9871857025044533,False,Not significant,0.0,False,Correctly not called
Gene0135,33.81377002079789,-0.0233777234199165,0.2570709263841207,-0.1691927365030428,0.8656450428592233,0.9871857025044533,False,Not significant,0.0,False,Correctly not called
Gene0846,25.90850830692898,0.0412174051044458,0.2324742450058044,0.2873712445625414,0.7738280765549659,0.9871857025044533,False,Not significant,0.0,False,Correctly not called
Gene0849,39.20830753110425,-0.0459592031780423,0.2557500425265765,-0.3304174182715206,0.741084582039089,0.9871857025044533,False,Not significant,0.0,False,Correctly not called
Gene0850,79.66421259904574,-0.0425345243395616,0.2655427527099351,-0.3040296178055124,0.7611053267924596,0.9871857025044533,False,Not significant,0.0,False,Correctly not called
Gene0851,27.317194115504307,0.0305298276273818,0.2502466129573217,0.2140979273826869,0.8304706920348109,0.9871857025044533,False,Not significant,0.0,False,Correctly not called
Gene0852,122.80843612497868,0.0249906615102898,0.2262050148859033,0.1756022448078657,0.860606438657767,0.9871857025044533,False,Not significant,0.0,False,Correctly not called
Gene0857,134.81671087843753,-0.0274525664895924,0.2539221038393474,-0.1976683195785791,0.8433045779208941,0.9871857025044533,False,Not significant,0.0,False,Correctly not called
Gene0572,91.29269349146834,-0.0319125004472169,0.231729984039416,-0.2275867267037199,0.8199675397426961,0.9871857025044533,False,Not significant,0.0,False,Correctly not called
Gene0681,80.1514325189465,0.0234722145331704,0.2239752751541837,0.1631626084180704,0.8703904057916858,0.9883078201239692,False,Not significant,0.0,False,Correctly not called
Gene0308,299.3364125993232,-0.0221429780181211,0.2284331840088523,-0.161369750481887,0.8718021900268952,0.9887756490098616,False,Not significant,0.0,False,Correctly not called
Gene0743,318.762709746451,-0.0219286220935289,0.2116609387577552,-0.158002678193106,0.8744546883338735,0.9895145157462252,False,Not significant,0.0,False,Correctly not called
Gene0486,52.68508028824491,0.0225867757392233,0.2530881985367502,0.1581598525071027,0.8743308385670994,0.9895145157462252,False,Not significant,0.0,False,Correctly not called
Gene0291,46.94241535087543,-0.0217271926825742,0.2424589510257568,-0.1554412369128187,0.876473476865912,0.98953455321962,False,Not significant,0.0,False,Correctly not called
Gene0406,71.71046100782091,0.0223086023698022,0.2467787825106364,0.156579826661984,0.8755760024041472,0.98953455321962,False,Not significant,0.0,False,Correctly not called
Gene0798,39.08388018384702,0.0216777737147047,0.2292426216524328,0.1525011140163573,0.8787917118566209,0.9910205279660184,False,Not significant,0.0,False,Correctly not called
Gene1000,57.96645026241876,0.0141458241021106,0.2325081097902209,0.0977229039348904,0.922152327893306,0.9912341874453312,False,Not significant,0.0,False,Correctly not called
Gene0854,78.83205574694655,0.0207732398665833,0.2507023366736239,0.1452812623835515,0.8844888082127275,0.9912341874453312,False,Not significant,0.0,False,Correctly not called
Gene0989,221.20856588643585,0.0168105322426406,0.3094867560331532,0.1223411589102028,0.902628836705316,0.9912341874453312,False,Not significant,0.0,False,Correctly not called
Gene0990,87.13035223579054,0.0146934860563306,0.2267909913630794,0.101838812195104,0.91888461810872,0.9912341874453312,False,Not significant,0.0,False,Correctly not called
Gene0820,8.09990841496216,0.016682204923591,0.2949122271011121,0.1357197041014118,0.8920428702318353,0.9912341874453312,False,Not significant,0.0,False,Correctly not called
Gene0881,105.0319170795876,0.0173632611027121,0.2468015282373713,0.1214370980684736,0.9033448342909314,0.9912341874453312,False,Not significant,0.0,False,Correctly not called
Gene0744,259.30340484813985,0.0178040127606197,0.2188005047574414,0.1239696954141733,0.9013392694899864,0.9912341874453312,False,Not significant,0.0,False,Correctly not called
Gene0789,425.9440438219702,0.018550170016078,0.2127255615431117,0.1292704233835102,0.8971436737594589,0.9912341874453312,False,Not significant,0.0,False,Correctly not called
Gene0773,52.30593333354502,0.0171920121729541,0.2329771942738006,0.1201566743415937,0.9043590379132332,0.9912341874453312,False,Not significant,0.0,False,Correctly not called
Gene0735,15.810285958746322,-0.0151903948202228,0.2555164573327736,-0.1110461189971047,0.911579775185671,0.9912341874453312,False,Not significant,0.0,False,Correctly not called
Gene0691,203.3800350108412,-0.0134690024991316,0.2766175540638461,-0.1017835330886018,0.9189284964531844,0.9912341874453312,False,Not significant,0.0,False,Correctly not called
Gene0708,148.8735581008671,0.0153013654325458,0.2600225776741858,0.1065544999973942,0.9151424167379704,0.9912341874453312,False,Not significant,0.0,False,Correctly not called
Gene0761,334.4540546582477,0.0175763877697083,0.2450300727826924,0.1217640727026306,0.903085868003651,0.9912341874453312,False,Not significant,0.0,False,Correctly not called
Gene0614,76.06300179959013,0.0200994041845158,0.2284188265997548,0.1393490897520663,0.8891743002385297,0.9912341874453312,False,Not significant,0.0,False,Correctly not called
Gene0598,78.42944918206057,-0.0160719175791492,0.2394055622248458,-0.1153650479731045,0.9081557816260316,0.9912341874453312,False,Not significant,0.0,False,Correctly not called
Gene0606,551.1489062828796,0.018205860332964,0.2117681733672964,0.1282930719353818,0.8979170475949002,0.9912341874453312,False,Not significant,0.0,False,Correctly not called
Gene0527,70.3939685171952,0.0165564466960508,0.250051512450859,0.1166451554623441,0.9071412530590603,0.9912341874453312,False,Not significant,0.0,False,Correctly not called
Gene0542,13.83160657704896,0.018915327045193,0.2718354416196225,0.1363769353447575,0.8915233062402366,0.9912341874453312,False,Not significant,0.0,False,Correctly not called
Gene0480,80.93038106846548,-0.0137066013375476,0.2395284073873881,-0.0987574418014995,0.9213308597667024,0.9912341874453312,False,Not significant,0.0,False,Correctly not called
Gene0453,116.97698161165744,0.020755804950543,0.207808220786128,0.1470648727826229,0.8830808158142274,0.9912341874453312,False,Not significant,0.0,False,Correctly not called
Gene0465,58.338717959425146,-0.0166436970959426,0.2460382201948167,-0.1190685924193294,0.905221013310221,0.9912341874453312,False,Not significant,0.0,False,Correctly not called
Gene0455,134.37923948406308,0.0160307620745211,0.2318523804837788,0.1107087886093637,0.911847276523336,0.9912341874453312,False,Not significant,0.0,False,Correctly not called
Gene0483,67.74904613285236,0.0195002186463718,0.2241618089643792,0.1356446209414934,0.8921022290162639,0.9912341874453312,False,Not significant,0.0,False,Correctly not called
Gene0546,32.67548691851744,0.0147216896655765,0.2597121076175711,0.1048477318333236,0.916496634220889,0.9912341874453312,False,Not significant,0.0,False,Correctly not called
Gene0595,163.47819343760986,-0.0166696987044233,0.2192729186404194,-0.1228084138455221,0.9022588114140674,0.9912341874453312,False,Not significant,0.0,False,Correctly not called
Gene0588,32.04349266592979,-0.0208073462883833,0.2455676458180115,-0.1493931679151591,0.88124340245016,0.9912341874453312,False,Not significant,0.0,False,Correctly not called
Gene0559,659.6823884427769,0.0216626803245469,0.2443756490001321,0.1494151745364566,0.8812260385869383,0.9912341874453312,False,Not significant,0.0,False,Correctly not called
Gene0565,38.60579347653628,0.0153250632669336,0.2289883511271508,0.107015131059705,0.914776975840052,0.9912341874453312,False,Not significant,0.0,False,Correctly not called
Gene0906,336.7799957925737,0.0165315527170477,0.2328562152376637,0.1144959158314384,0.9088446838038708,0.9912341874453312,False,Not significant,0.0,False,Correctly not called
Gene0341,36.138956016537854,0.0147256736634268,0.2447709457755543,0.1024283870918369,0.9184166525222044,0.9912341874453312,False,Not significant,0.0,False,Correctly not called
Gene0419,48.89692749043496,0.0144101584745954,0.3134709565304294,0.1053246972465361,0.9161181663965136,0.9912341874453312,False,Not significant,0.0,False,Correctly not called
Gene0432,202.0832040851016,0.016102274472022,0.3207227900479044,0.1179774521966236,0.9060855236360924,0.9912341874453312,False,Not significant,0.0,False,Correctly not called
Gene0296,57.11498115980192,-0.0132097424955172,0.2434365615957502,-0.09683136235927,0.922860317395398,0.9912341874453312,False,Not significant,0.0,False,Correctly not called
Gene0178,66.88661097486089,-0.016702609644502,0.2355446749704352,-0.1195876546102946,0.9048097997296832,0.9912341874453312,False,Not significant,0.0,False,Correctly not called
Gene0143,90.39159998662592,-0.018934446393378,0.2651711383876335,-0.1375093251974109,0.890628222322476,0.9912341874453312,False,Not significant,0.0,False,Correctly not called
Gene0171,626.6682398091402,-0.0139999316704478,0.2276428555753983,-0.1012669006239532,0.9193385905644866,0.9912341874453312,False,Not significant,0.0,False,Correctly not called
Gene0119,65.88378604247752,0.0197865992128147,0.255525479708601,0.1386154675983774,0.8897540199366099,0.9912341874453312,False,Not significant,0.0,False,Correctly not called
Gene0115,125.67421243626823,0.0169649838069309,0.2192641876810608,0.1177130116698668,0.9062950566412707,0.9912341874453312,False,Not significant,0.0,False,Correctly not called
Gene0121,107.58668223241244,0.0186140253983768,0.1982757971761466,0.1321583639333676,0.8948590329545363,0.9912341874453312,False,Not significant,0.0,False,Correctly not called
Gene0156,52.37594444374347,-0.0155611102441439,0.2274365332053885,-0.1167149467132567,0.90708594546705,0.9912341874453312,False,Not significant,0.0,False,Correctly not called
Gene0353,186.13627721596347,-0.0182605340994034,0.2324532741859587,-0.135375014840185,0.8923153775360588,0.9912341874453312,False,Not significant,0.0,False,Correctly not called
Gene0289,408.5118200849528,0.0170391683249024,0.2299931062374265,0.1199745424506821,0.9045033144526846,0.9912341874453312,False,Not significant,0.0,False,Correctly not called
Gene0280,46.32282411352376,-0.0156155395540751,0.2581918357739218,-0.1132780045862729,0.9098101547822688,0.9912341874453312,False,Not significant,0.0,False,Correctly not called
Gene0966,75.75791568982463,0.0138370914187822,0.2407857870665467,0.0965540194915538,0.9230805729394844,0.9912341874453312,False,Not significant,0.0,False,Correctly not called
Gene0221,33.02541301918216,0.0128490840965594,0.2742624381516433,0.0906946023539977,0.9277352596540852,0.994166569169332,False,Not significant,0.0,False,Correctly not called
Gene0594,205.11593575190088,-0.0120379317001275,0.2713579723409765,-0.0905857151049933,0.9278217829558072,0.994166569169332,False,Not significant,0.0,False,Correctly not called
Gene0392,50.81930882082458,-0.0099857510679452,0.2381856009446537,-0.0723028757383526,0.94236087618036,0.9969618232494109,False,Not significant,0.0,False,Correctly not called
Gene0110,11.418096211500862,-0.0111725207832907,0.3074733023851243,-0.0856645846203756,0.9317330559795072,0.9969618232494109,False,Not significant,0.0,False,Correctly not called
Gene0811,42.07314120980569,-0.0105508514578817,0.2593076668405006,-0.0776509993785284,0.9381056731796464,0.9969618232494109,False,Not significant,0.0,False,Correctly not called
Gene0931,86.31808921925722,-0.0111770002639521,0.239993281544768,-0.0808977798821193,0.9355232455776632,0.9969618232494109,False,Not significant,0.0,False,Correctly not called
Gene0509,31.89562959832925,0.0107491081851247,0.2538730217372055,0.0764782959029213,0.9390385807564084,0.9969618232494109,False,Not significant,0.0,False,Correctly not called
Gene0544,101.80478587629864,-0.0106213632503857,0.2426126879639164,-0.0771412736567174,0.938511159175032,0.9969618232494109,False,Not significant,0.0,False,Correctly not called
Gene0658,6.96943907359731,0.0094778929548127,0.2922108903315487,0.0757481356482728,0.9396194792614232,0.9969618232494109,False,Not significant,0.0,False,Correctly not called
Gene0734,44.09822993047765,-0.0113024253136031,0.2383057414034635,-0.0845828772097538,0.932593012286116,0.9969618232494109,False,Not significant,0.0,False,Correctly not called
Gene0736,531.5564629379305,0.0101348990448885,0.2021481750528814,0.071284138419229,0.9431716188206564,0.9969618232494109,False,Not significant,0.0,False,Correctly not called
Gene0810,203.4265283905372,-0.0100298517590685,0.2129492330361285,-0.0734941978225989,0.9414128610572514,0.9969618232494109,False,Not significant,0.0,False,Correctly not called
Gene0342,369.0238791425376,0.0107536296479523,0.2434734567338033,0.0745405299038692,0.940580292650738,0.9969618232494109,False,Not significant,0.0,False,Correctly not called
Gene0252,83.48545839156759,-0.0092969019999617,0.2636686087704828,-0.070827363924516,0.9435351532471674,0.9969618232494109,False,Not significant,0.0,False,Correctly not called
Gene0853,102.39232608260636,-0.0095858726677908,0.2120905318408251,-0.071246519862111,0.9432015579632994,0.9969618232494109,False,Not significant,0.0,False,Correctly not called
Gene0993,432.3722391597541,0.0073925225106076,0.2047881109483831,0.05049973703064,0.9597241589580876,0.9981999099393069,False,Not significant,0.0,False,Correctly not called
Gene0807,81.29336063384314,-0.0073248372690209,0.2606857477508763,-0.0541649215994291,0.9568037681470702,0.9981999099393069,False,Not significant,0.0,False,Correctly not called
Gene0883,200.15257670125925,0.00879527123251,0.2485379638694694,0.0599478557211768,0.9521971650498946,0.9981999099393069,False,Not significant,0.0,False,Correctly not called
Gene0868,82.52494720475748,0.0080844130561064,0.2783431946245705,0.0563271513835989,0.9550811894895722,0.9981999099393069,False,Not significant,0.0,False,Correctly not called
Gene0666,272.95605865720006,0.0037744722159593,0.2133909727439189,0.0249542320598068,0.98009146975331,0.9981999099393069,False,Not significant,0.0,False,Correctly not called
Gene0124,122.0368284061641,-0.0055739765858145,0.2130007941171905,-0.0416160502037905,0.966804778113896,0.9981999099393069,False,Not significant,0.0,False,Correctly not called
Gene0138,33.71650545692878,0.0080852271921473,0.2394781773595562,0.0556885015271877,0.9555899597402612,0.9981999099393069,False,Not significant,0.0,False,Correctly not called
Gene0163,112.79140444517884,-0.0029581542058596,0.2244404089509167,-0.0233752373492111,0.9813509573409268,0.9981999099393069,False,Not significant,0.0,False,Correctly not called
Gene0160,661.4078013176396,-0.0042654517541174,0.1953917924082056,-0.032307491399306,0.974226835052112,0.9981999099393069,False,Not significant,0.0,False,Correctly not called
Gene0984,579.3536893209973,0.0055183198794129,0.2114695871674725,0.0376140097237128,0.9699954376827746,0.9981999099393069,False,Not significant,0.0,False,Correctly not called
Gene0241,77.20963182312441,0.0075064258153306,0.2175751730734575,0.0513061789829975,0.9590815444748158,0.9981999099393069,False,Not significant,0.0,False,Correctly not called
Gene0197,43.24339319885268,-0.0092661561018145,0.2469257500064246,-0.0675362894161874,0.9461547731850604,0.9981999099393069,False,Not significant,0.0,False,Correctly not called
Gene0239,1213.4852597493298,-0.007464472242453,0.2351431516264978,-0.0555852033303976,0.9556722523113328,0.9981999099393069,False,Not significant,0.0,False,Correctly not called
Gene0635,186.4419245247985,0.0063856659676217,0.2118942919403101,0.0438612363832484,0.9650150144310876,0.9981999099393069,False,Not significant,0.0,False,Correctly not called
Gene0612,32.13146665244867,-0.0040761676155489,0.256867391987772,-0.0518262679567083,0.9586671248700424,0.9981999099393069,False,Not significant,0.0,False,Correctly not called
Gene0478,69.73820828861163,-0.0048950737919343,0.2872386161576704,-0.0400747670023514,0.9680335186519587,0.9981999099393069,False,Not significant,0.0,False,Correctly not called
Gene0932,149.1866889357759,0.0031563417578328,0.2806060615612882,0.0202514343263237,0.9838427976246958,0.9981999099393069,False,Not significant,0.0,False,Correctly not called
Gene0545,26.03619704080944,-0.0044956432639399,0.2585972112631853,-0.0346822464147723,0.9723331177189652,0.9981999099393069,False,Not significant,0.0,False,Correctly not called
Gene0519,106.65426460176504,-0.0046084783095092,0.2077969019647446,-0.0346857357494766,0.9723303353067726,0.9981999099393069,False,Not significant,0.0,False,Correctly not called
Gene0516,48.176264479012026,-0.004204198357553,0.2353124215470341,-0.0312953571061874,0.9750339930885992,0.9981999099393069,False,Not significant,0.0,False,Correctly not called
Gene0491,27.47083481526415,0.0036704344854228,0.2540845960669191,0.0242962685713808,0.9806162895025844,0.9981999099393069,False,Not significant,0.0,False,Correctly not called
Gene0687,45.19952210137058,0.0058019354658957,0.2393224381920071,0.0391418091504874,0.968777327612116,0.9981999099393069,False,Not significant,0.0,False,Correctly not called
Gene0728,48.72376897532062,-0.0050212385541535,0.2548718909277762,-0.0400649654111366,0.9680413329144744,0.9981999099393069,False,Not significant,0.0,False,Correctly not called
Gene0784,71.66471262195306,-0.0087021181266628,0.2348054126422007,-0.0634531872742643,0.949405635223344,0.9981999099393069,False,Not significant,0.0,False,Correctly not called
Gene0888,63.48500884004778,-0.0079776249347167,0.2826725840375947,-0.0593160408903616,0.9527003848274354,0.9981999099393069,False,Not significant,0.0,False,Correctly not called
Gene0344,44.80545701281287,-0.0029001098938548,0.2271017724204397,-0.0223663701981387,0.9821557063315216,0.9981999099393069,False,Not significant,0.0,False,Correctly not called
Gene0393,67.76155204122178,0.0068107587888774,0.2236570842103065,0.0467397239848648,0.9627206697655256,0.9981999099393069,False,Not significant,0.0,False,Correctly not called
Gene0265,41.00653611803899,-0.0051679256579179,0.224750905602655,-0.038015080458728,0.969675658252081,0.9981999099393069,False,Not significant,0.0,False,Correctly not called
Gene0286,23.375532927513905,0.0082162332104112,0.25817227341852,0.0570486523976477,0.9545064392098602,0.9981999099393069,False,Not significant,0.0,False,Correctly not called
Gene0195,369.77998248173935,0.0031354001607297,0.2469002875287788,0.0199670236219503,0.9840696786560408,0.9981999099393069,False,Not significant,0.0,False,Correctly not called
Gene0302,217.65076656838804,0.0040341721183033,0.2734340202045897,0.0265728625761782,0.9788004181411012,0.9981999099393069,False,Not significant,0.0,False,Correctly not called
Gene0318,32.320772893085866,-0.0063138507763476,0.2265006692638521,-0.0460506580082289,0.9632698734563636,0.9981999099393069,False,Not significant,0.0,False,Correctly not called
Gene0950,70.69450862382887,-0.0042768137270885,0.2108874793806184,-0.0323343667995242,0.9742054027826664,0.9981999099393069,False,Not significant,0.0,False,Correctly not called
Gene0339,173.90500236159048,0.0048614134428592,0.2491487089385943,0.0328708193436354,0.9737776030060818,0.9981999099393069,False,Not significant,0.0,False,Correctly not called
Gene0361,185.14854808681147,0.0091514679551185,0.2490217861529604,0.0616603054284587,0.950833351467578,0.9981999099393069,False,Not significant,0.0,False,Correctly not called
Gene0363,134.3698542177771,0.0081927231587199,0.3484448021517489,0.0627041368700981,0.950002103132664,0.9981999099393069,False,Not significant,0.0,False,Correctly not called
Gene0407,19.956241446453294,0.003626887404049,0.2700929893373633,0.0248736533345707,0.9801557423238538,0.9981999099393069,False,Not significant,0.0,False,Correctly not called
Gene0104,994.7065922452208,0.0046913171272088,0.2576907155839213,0.0303805602107287,0.9757635484036984,0.9981999099393069,False,Not significant,0.0,False,Correctly not called
Gene0983,33.08729903875804,0.003825447147909,0.2275989102272093,0.025025559933648,0.9800345761116978,0.9981999099393069,False,Not significant,0.0,False,Correctly not called
Gene0977,186.00857683397157,-0.001901835374771,0.2417590565761914,-0.015263060455065,0.9878223125352096,0.9985353940369248,False,Not significant,0.0,False,Correctly not called
Gene0834,57.86558007909528,-0.0021449443236092,0.2236006783294773,-0.0170573325961305,0.9863908776111808,0.9985353940369248,False,Not significant,0.0,False,Correctly not called
Gene0992,79.9673471073344,-0.0019370936065233,0.2834178432445557,-0.0144900974359014,0.988438979537057,0.9985353940369248,False,Not significant,0.0,False,Correctly not called
Gene0650,14.494493390402974,0.0021988929134998,0.2742317377115302,0.0146190987500181,0.9883360622816552,0.9985353940369248,False,Not significant,0.0,False,Correctly not called
Gene0997,105.61916980309724,0.0007679157128447,0.2151083885806279,0.0040301181982844,0.9967844396158236,0.999273979131821,False,Not significant,0.0,False,Correctly not called
Gene0722,162.24497527561172,0.0012145494359024,0.2676464177385136,0.0059840767672577,0.9952254260323552,0.999273979131821,False,Not significant,0.0,False,Correctly not called
Gene0577,109.22392165391484,-0.0009367817034482,0.238413879765057,-0.0089460654739276,0.9928621676878184,0.999273979131821,False,Not significant,0.0,False,Correctly not called
Gene0801,16.015846740002353,0.0003619711420838,0.259837827809281,0.0009099323436418,0.999273979131821,0.999273979131821,False,Not significant,0.0,False,Correctly not called
Gene0790,107.08583010152596,0.0010163019870169,0.2317961084072436,0.0055530359220305,0.9955693411430262,0.999273979131821,False,Not significant,0.0,False,Correctly not called
Gene0207,28.69671963221518,-0.000753624869224,0.2892111449455065,-0.0069004516057798,0.9944942798948236,0.999273979131821,False,Not significant,0.0,False,Correctly not called
Gene0420,230.99065559950395,0.001759859313704,0.2230239687653788,0.0075130094244122,0.9940055421683204,0.999273979131821,False,Not significant,0.0,False,Correctly not called
Gene0231,64.18928414100772,0.0006188090456424,0.2393222268405614,0.0022213959007834,0.9982275839650282,0.999273979131821,False,Not significant,0.0,False,Correctly not called
Gene0282,9.4691153181728,2.005110989124527e-05,0.280661349599817,-0.0011088994258467,0.999115226449962,0.999273979131821,False,Not significant,0.0,False,Correctly not called
Gene0271,18.022965020917184,-0.0005158172891526,0.274507780811035,-0.0056988389733285,0.9954530089806196,0.999273979131821,False,Not significant,0.0,False,Correctly not called
